,0,1,2,3,4,5,6,7,8,9,10,11,12,13,14,15,labels
0,32.0,86.0,72.0,100.0,74.0,71.0,44.0,44.0,3.0,22.0,0.0,18.0,54.0,18.0,100.0,0.0,-1.0
1,21.0,74.0,30.0,100.0,72.0,77.0,66.0,36.0,31.0,2.0,0.0,14.0,52.0,24.0,100.0,0.0,-1.0
2,0.0,90.0,41.0,100.0,72.0,84.0,54.0,55.0,26.0,30.0,13.0,3.0,56.0,0.0,100.0,4.0,-1.0
3,3.0,85.0,42.0,100.0,88.0,89.0,65.0,60.0,26.0,36.0,0.0,11.0,51.0,0.0,100.0,2.0,-1.0
4,39.0,75.0,46.0,100.0,95.0,83.0,80.0,41.0,41.0,6.0,0.0,6.0,50.0,28.0,100.0,0.0,-1.0
5,0.0,82.0,24.0,100.0,54.0,99.0,50.0,61.0,34.0,27.0,41.0,0.0,71.0,6.0,100.0,17.0,-1.0
6,0.0,93.0,42.0,100.0,58.0,73.0,35.0,43.0,2.0,20.0,12.0,7.0,55.0,1.0,100.0,0.0,-1.0
7,18.0,75.0,51.0,100.0,65.0,72.0,41.0,35.0,8.0,3.0,0.0,0.0,50.0,6.0,100.0,15.0,-1.0
8,2.0,70.0,23.0,100.0,50.0,79.0,32.0,35.0,0.0,1.0,10.0,0.0,54.0,0.0,100.0,1.0,-1.0
9,19.0,68.0,44.0,100.0,81.0,82.0,67.0,44.0,30.0,18.0,0.0,7.0,50.0,5.0,100.0,0.0,-1.0
10,23.0,90.0,55.0,100.0,54.0,66.0,26.0,40.0,0.0,31.0,32.0,19.0,65.0,2.0,100.0,0.0,-1.0
11,0.0,57.0,14.0,91.0,50.0,100.0,55.0,66.0,37.0,32.0,24.0,0.0,62.0,6.0,100.0,15.0,-1.0
12,0.0,93.0,49.0,100.0,88.0,89.0,78.0,68.0,57.0,49.0,41.0,28.0,51.0,9.0,100.0,0.0,-1.0
13,34.0,80.0,65.0,100.0,100.0,80.0,80.0,51.0,41.0,28.0,0.0,7.0,37.0,0.0,95.0,5.0,-1.0
14,35.0,84.0,71.0,100.0,100.0,79.0,72.0,52.0,35.0,31.0,0.0,9.0,39.0,0.0,88.0,0.0,-1.0
15,52.0,83.0,74.0,100.0,74.0,63.0,54.0,28.0,17.0,0.0,0.0,16.0,50.0,22.0,100.0,5.0,-1.0
16,8.0,68.0,33.0,100.0,52.0,79.0,31.0,42.0,0.0,14.0,24.0,0.0,64.0,1.0,100.0,19.0,-1.0
17,22.0,100.0,52.0,98.0,58.0,62.0,32.0,33.0,0.0,13.0,27.0,9.0,63.0,5.0,100.0,0.0,-1.0
18,0.0,66.0,20.0,100.0,56.0,88.0,44.0,47.0,14.0,15.0,13.0,0.0,56.0,5.0,100.0,11.0,-1.0
19,13.0,67.0,0.0,93.0,78.0,100.0,100.0,71.0,60.0,41.0,9.0,15.0,9.0,0.0,89.0,6.0,-1.0
20,0.0,75.0,22.0,100.0,58.0,86.0,56.0,50.0,29.0,22.0,14.0,1.0,58.0,0.0,100.0,4.0,-1.0
21,16.0,71.0,44.0,100.0,64.0,71.0,40.0,31.0,0.0,11.0,23.0,12.0,66.0,0.0,100.0,15.0,-1.0
22,21.0,78.0,51.0,100.0,57.0,62.0,33.0,27.0,0.0,1.0,23.0,10.0,62.0,12.0,100.0,0.0,-1.0
23,63.0,81.0,92.0,100.0,100.0,70.0,76.0,38.0,43.0,10.0,0.0,0.0,46.0,4.0,97.0,7.0,-1.0
24,0.0,75.0,19.0,99.0,57.0,100.0,66.0,73.0,56.0,46.0,38.0,20.0,55.0,2.0,100.0,0.0,-1.0
25,23.0,75.0,54.0,100.0,62.0,58.0,39.0,18.0,0.0,0.0,14.0,19.0,57.0,5.0,100.0,10.0,-1.0
26,0.0,79.0,34.0,100.0,57.0,80.0,46.0,45.0,18.0,14.0,10.0,0.0,59.0,1.0,100.0,2.0,-1.0
27,0.0,94.0,6.0,100.0,44.0,100.0,39.0,63.0,19.0,29.0,24.0,0.0,63.0,5.0,100.0,17.0,-1.0
28,0.0,84.0,36.0,100.0,65.0,78.0,53.0,46.0,22.0,19.0,15.0,17.0,62.0,19.0,100.0,0.0,-1.0
29,27.0,70.0,37.0,100.0,72.0,87.0,63.0,48.0,35.0,16.0,0.0,10.0,50.0,10.0,100.0,0.0,-1.0
30,29.0,73.0,56.0,100.0,68.0,71.0,45.0,38.0,11.0,12.0,0.0,8.0,50.0,6.0,100.0,0.0,-1.0
31,3.0,74.0,33.0,100.0,52.0,71.0,33.0,34.0,3.0,2.0,0.0,4.0,51.0,0.0,100.0,1.0,-1.0
32,8.0,80.0,40.0,100.0,61.0,67.0,38.0,31.0,0.0,12.0,21.0,27.0,61.0,10.0,100.0,0.0,-1.0
33,39.0,90.0,79.0,100.0,100.0,77.0,80.0,52.0,43.0,30.0,0.0,11.0,28.0,0.0,89.0,5.0,-1.0
34,20.0,86.0,42.0,100.0,38.0,64.0,11.0,35.0,0.0,22.0,35.0,0.0,75.0,1.0,100.0,31.0,-1.0
35,0.0,77.0,30.0,100.0,84.0,98.0,76.0,65.0,44.0,36.0,5.0,10.0,46.0,2.0,100.0,0.0,-1.0
36,0.0,74.0,26.0,98.0,64.0,100.0,76.0,71.0,56.0,41.0,30.0,14.0,60.0,1.0,100.0,0.0,-1.0
37,0.0,72.0,9.0,100.0,68.0,94.0,74.0,63.0,49.0,34.0,6.0,9.0,30.0,0.0,100.0,1.0,-1.0
38,16.0,89.0,50.0,100.0,71.0,67.0,45.0,35.0,0.0,19.0,10.0,30.0,57.0,19.0,100.0,0.0,-1.0
39,0.0,66.0,16.0,93.0,83.0,100.0,91.0,73.0,62.0,46.0,22.0,21.0,28.0,0.0,100.0,3.0,-1.0
40,15.0,71.0,38.0,100.0,73.0,89.0,59.0,56.0,30.0,28.0,0.0,0.0,49.0,5.0,100.0,17.0,-1.0
41,48.0,68.0,59.0,95.0,100.0,100.0,78.0,62.0,43.0,31.0,0.0,9.0,40.0,11.0,88.0,0.0,-1.0
42,17.0,59.0,32.0,100.0,57.0,82.0,32.0,39.0,0.0,5.0,19.0,0.0,59.0,7.0,100.0,14.0,-1.0
43,0.0,95.0,27.0,100.0,32.0,63.0,15.0,31.0,11.0,10.0,41.0,7.0,70.0,3.0,100.0,0.0,-1.0
44,11.0,72.0,45.0,100.0,100.0,98.0,90.0,60.0,49.0,31.0,0.0,10.0,15.0,2.0,74.0,0.0,-1.0
45,49.0,100.0,95.0,93.0,83.0,52.0,47.0,21.0,0.0,6.0,5.0,28.0,54.0,20.0,100.0,0.0,-1.0
46,29.0,88.0,64.0,100.0,55.0,73.0,29.0,50.0,0.0,26.0,0.0,2.0,50.0,0.0,100.0,3.0,-1.0
47,0.0,64.0,17.0,100.0,56.0,98.0,53.0,58.0,26.0,26.0,15.0,4.0,57.0,4.0,100.0,0.0,-1.0
48,52.0,75.0,69.0,100.0,93.0,77.0,68.0,43.0,34.0,15.0,0.0,1.0,50.0,2.0,100.0,0.0,-1.0
49,35.0,98.0,60.0,100.0,47.0,63.0,25.0,30.0,0.0,4.0,34.0,2.0,68.0,0.0,100.0,3.0,-1.0
50,19.0,76.0,53.0,100.0,92.0,81.0,73.0,40.0,33.0,13.0,0.0,0.0,49.0,5.0,100.0,6.0,-1.0
51,32.0,84.0,66.0,100.0,70.0,57.0,40.0,25.0,0.0,15.0,23.0,33.0,63.0,22.0,100.0,0.0,-1.0
52,9.0,77.0,26.0,100.0,52.0,76.0,37.0,44.0,7.0,17.0,0.0,0.0,54.0,1.0,100.0,4.0,-1.0
53,25.0,76.0,45.0,100.0,77.0,66.0,57.0,25.0,9.0,3.0,0.0,7.0,53.0,6.0,100.0,0.0,-1.0
54,9.0,61.0,25.0,100.0,59.0,72.0,42.0,27.0,0.0,5.0,5.0,24.0,53.0,16.0,100.0,0.0,-1.0
55,33.0,91.0,79.0,100.0,100.0,79.0,79.0,56.0,41.0,37.0,0.0,20.0,37.0,7.0,93.0,0.0,-1.0
56,60.0,84.0,94.0,100.0,100.0,75.0,72.0,51.0,39.0,30.0,0.0,12.0,46.0,7.0,94.0,0.0,-1.0
57,35.0,69.0,58.0,100.0,85.0,86.0,65.0,48.0,35.0,13.0,0.0,1.0,53.0,0.0,100.0,25.0,-1.0
58,12.0,87.0,58.0,100.0,77.0,74.0,43.0,45.0,5.0,20.0,0.0,3.0,55.0,1.0,100.0,0.0,-1.0
59,14.0,56.0,27.0,100.0,42.0,69.0,26.0,27.0,0.0,5.0,33.0,0.0,67.0,0.0,100.0,1.0,-1.0
60,39.0,97.0,64.0,100.0,50.0,68.0,26.0,42.0,0.0,21.0,34.0,11.0,68.0,0.0,100.0,19.0,-1.0
61,0.0,89.0,27.0,100.0,42.0,75.0,29.0,45.0,15.0,15.0,37.0,0.0,69.0,2.0,100.0,6.0,-1.0
62,1.0,72.0,34.0,100.0,60.0,84.0,43.0,46.0,13.0,13.0,0.0,0.0,54.0,2.0,100.0,4.0,-1.0
63,0.0,86.0,27.0,100.0,46.0,77.0,43.0,45.0,31.0,16.0,34.0,0.0,66.0,1.0,100.0,2.0,-1.0
64,10.0,68.0,35.0,100.0,59.0,72.0,37.0,30.0,0.0,3.0,15.0,14.0,58.0,2.0,100.0,0.0,-1.0
65,43.0,72.0,0.0,89.0,46.0,100.0,67.0,76.0,49.0,47.0,26.0,19.0,46.0,0.0,100.0,3.0,-1.0
66,0.0,64.0,16.0,100.0,47.0,79.0,35.0,40.0,6.0,6.0,11.0,9.0,58.0,0.0,100.0,4.0,-1.0
67,8.0,84.0,37.0,100.0,54.0,72.0,32.0,42.0,0.0,18.0,15.0,10.0,58.0,5.0,100.0,0.0,-1.0
68,51.0,100.0,86.0,94.0,69.0,61.0,37.0,34.0,0.0,12.0,9.0,0.0,54.0,2.0,100.0,0.0,-1.0
69,62.0,79.0,70.0,100.0,87.0,73.0,61.0,41.0,20.0,16.0,0.0,26.0,54.0,22.0,100.0,0.0,-1.0
70,37.0,78.0,60.0,100.0,81.0,75.0,63.0,46.0,29.0,24.0,0.0,1.0,50.0,0.0,100.0,4.0,-1.0
71,0.0,77.0,26.0,100.0,49.0,87.0,39.0,54.0,15.0,26.0,24.0,11.0,62.0,4.0,100.0,0.0,-1.0
72,9.0,74.0,38.0,100.0,53.0,78.0,30.0,43.0,0.0,17.0,27.0,8.0,63.0,6.0,100.0,0.0,-1.0
73,0.0,76.0,34.0,100.0,70.0,87.0,48.0,49.0,16.0,18.0,11.0,0.0,55.0,5.0,100.0,10.0,-1.0
74,0.0,87.0,35.0,100.0,71.0,87.0,61.0,53.0,33.0,28.0,21.0,3.0,60.0,0.0,100.0,0.0,-1.0
75,64.0,86.0,47.0,96.0,100.0,100.0,90.0,63.0,50.0,35.0,0.0,14.0,32.0,15.0,86.0,0.0,-1.0
76,0.0,83.0,20.0,100.0,67.0,96.0,73.0,74.0,64.0,51.0,51.0,30.0,56.0,9.0,100.0,0.0,-1.0
77,33.0,69.0,57.0,100.0,87.0,75.0,66.0,39.0,24.0,15.0,0.0,15.0,51.0,14.0,100.0,0.0,-1.0
78,62.0,86.0,97.0,100.0,94.0,71.0,69.0,46.0,37.0,22.0,0.0,2.0,47.0,0.0,100.0,1.0,-1.0
79,33.0,79.0,43.0,100.0,60.0,73.0,42.0,38.0,12.0,8.0,0.0,9.0,50.0,0.0,100.0,8.0,-1.0
80,36.0,100.0,60.0,100.0,57.0,68.0,33.0,41.0,0.0,20.0,12.0,8.0,56.0,6.0,100.0,0.0,-1.0
81,0.0,79.0,32.0,100.0,54.0,77.0,42.0,43.0,19.0,14.0,15.0,0.0,56.0,10.0,100.0,11.0,-1.0
82,7.0,86.0,44.0,100.0,54.0,70.0,30.0,39.0,0.0,13.0,14.0,4.0,57.0,2.0,100.0,0.0,-1.0
83,10.0,81.0,37.0,100.0,56.0,62.0,44.0,21.0,0.0,13.0,35.0,25.0,75.0,0.0,100.0,30.0,-1.0
84,32.0,65.0,51.0,100.0,56.0,51.0,35.0,6.0,0.0,0.0,27.0,19.0,63.0,9.0,100.0,16.0,-1.0
85,54.0,78.0,77.0,100.0,64.0,60.0,36.0,27.0,0.0,2.0,12.0,4.0,56.0,2.0,100.0,0.0,-1.0
86,0.0,77.0,40.0,95.0,87.0,100.0,100.0,73.0,71.0,47.0,34.0,25.0,17.0,0.0,67.0,1.0,-1.0
87,0.0,69.0,29.0,100.0,49.0,75.0,33.0,36.0,3.0,4.0,9.0,14.0,54.0,6.0,100.0,0.0,-1.0
88,29.0,97.0,59.0,100.0,46.0,72.0,14.0,58.0,0.0,43.0,32.0,27.0,64.0,9.0,100.0,0.0,-1.0
89,6.0,81.0,40.0,100.0,57.0,78.0,38.0,50.0,11.0,24.0,0.0,5.0,51.0,8.0,100.0,0.0,-1.0
90,55.0,66.0,51.0,100.0,86.0,87.0,63.0,42.0,25.0,9.0,0.0,4.0,50.0,8.0,100.0,0.0,-1.0
91,19.0,88.0,62.0,100.0,100.0,81.0,83.0,48.0,47.0,23.0,0.0,6.0,18.0,0.0,72.0,1.0,-1.0
92,0.0,82.0,22.0,100.0,50.0,91.0,48.0,66.0,38.0,42.0,33.0,18.0,55.0,1.0,100.0,0.0,-1.0
93,0.0,83.0,26.0,100.0,58.0,92.0,47.0,58.0,22.0,31.0,34.0,4.0,67.0,0.0,100.0,0.0,-1.0
94,0.0,87.0,32.0,100.0,55.0,79.0,51.0,48.0,33.0,21.0,25.0,0.0,62.0,0.0,100.0,4.0,-1.0
95,48.0,62.0,60.0,100.0,61.0,56.0,37.0,19.0,0.0,0.0,20.0,13.0,60.0,8.0,100.0,1.0,-1.0
96,15.0,94.0,57.0,100.0,59.0,66.0,33.0,35.0,0.0,8.0,7.0,0.0,53.0,2.0,100.0,1.0,-1.0
97,0.0,89.0,25.0,100.0,31.0,68.0,17.0,37.0,11.0,9.0,40.0,4.0,70.0,3.0,100.0,0.0,-1.0
98,0.0,78.0,33.0,100.0,70.0,79.0,53.0,43.0,10.0,23.0,10.0,32.0,57.0,20.0,100.0,0.0,-1.0
99,7.0,79.0,36.0,100.0,54.0,78.0,30.0,49.0,0.0,24.0,9.0,6.0,55.0,3.0,100.0,0.0,-1.0
100,13.0,96.0,56.0,100.0,56.0,75.0,30.0,53.0,0.0,32.0,3.0,11.0,51.0,5.0,100.0,0.0,-1.0
101,0.0,82.0,30.0,100.0,74.0,97.0,76.0,72.0,63.0,47.0,44.0,24.0,50.0,0.0,100.0,0.0,-1.0
102,12.0,78.0,50.0,100.0,79.0,77.0,44.0,46.0,1.0,23.0,0.0,13.0,53.0,7.0,100.0,0.0,-1.0
103,8.0,70.0,36.0,100.0,55.0,69.0,40.0,31.0,9.0,0.0,0.0,17.0,49.0,10.0,100.0,0.0,-1.0
104,50.0,85.0,84.0,100.0,76.0,60.0,48.0,24.0,7.0,0.0,0.0,2.0,50.0,4.0,100.0,4.0,-1.0
105,39.0,96.0,63.0,100.0,52.0,43.0,28.0,0.0,0.0,4.0,33.0,15.0,66.0,0.0,100.0,0.0,-1.0
106,6.0,73.0,36.0,100.0,45.0,66.0,31.0,30.0,0.0,0.0,5.0,10.0,52.0,7.0,100.0,9.0,-1.0
107,31.0,67.0,35.0,99.0,81.0,100.0,73.0,56.0,37.0,23.0,0.0,2.0,50.0,0.0,100.0,3.0,-1.0
108,47.0,74.0,68.0,100.0,65.0,53.0,37.0,17.0,0.0,0.0,21.0,18.0,60.0,14.0,100.0,11.0,-1.0
109,15.0,81.0,42.0,100.0,71.0,81.0,54.0,54.0,27.0,30.0,0.0,5.0,45.0,0.0,100.0,1.0,-1.0
110,12.0,73.0,29.0,100.0,70.0,87.0,51.0,53.0,13.0,28.0,0.0,4.0,50.0,0.0,100.0,0.0,-1.0
111,0.0,80.0,22.0,100.0,57.0,95.0,46.0,59.0,25.0,27.0,31.0,0.0,67.0,9.0,100.0,21.0,-1.0
112,0.0,77.0,28.0,100.0,60.0,85.0,62.0,51.0,42.0,21.0,26.0,2.0,68.0,0.0,100.0,0.0,-1.0
113,7.0,69.0,17.0,100.0,30.0,70.0,20.0,33.0,0.0,2.0,25.0,0.0,62.0,2.0,100.0,7.0,-1.0
114,12.0,83.0,50.0,100.0,85.0,67.0,63.0,23.0,16.0,0.0,0.0,18.0,52.0,18.0,100.0,1.0,-1.0
115,63.0,80.0,88.0,100.0,97.0,67.0,72.0,33.0,32.0,6.0,0.0,7.0,51.0,21.0,100.0,0.0,-1.0
116,0.0,68.0,20.0,98.0,72.0,100.0,68.0,68.0,38.0,38.0,7.0,10.0,45.0,0.0,100.0,3.0,-1.0
117,0.0,80.0,25.0,100.0,56.0,97.0,61.0,61.0,40.0,29.0,38.0,0.0,69.0,0.0,100.0,4.0,-1.0
118,0.0,71.0,22.0,100.0,61.0,91.0,49.0,54.0,21.0,22.0,6.0,0.0,53.0,8.0,100.0,7.0,-1.0
119,31.0,85.0,63.0,100.0,75.0,71.0,39.0,43.0,0.0,17.0,11.0,4.0,58.0,1.0,100.0,0.0,-1.0
120,11.0,75.0,26.0,100.0,46.0,81.0,28.0,46.0,0.0,17.0,21.0,19.0,59.0,0.0,100.0,11.0,-1.0
121,19.0,68.0,32.0,100.0,68.0,79.0,59.0,39.0,25.0,10.0,0.0,4.0,50.0,4.0,100.0,0.0,-1.0
122,22.0,67.0,30.0,100.0,65.0,72.0,54.0,31.0,12.0,5.0,0.0,12.0,54.0,0.0,100.0,13.0,-1.0
123,31.0,87.0,73.0,100.0,100.0,80.0,73.0,53.0,37.0,30.0,0.0,7.0,45.0,1.0,97.0,0.0,-1.0
124,53.0,78.0,80.0,100.0,96.0,68.0,68.0,35.0,23.0,14.0,0.0,20.0,51.0,17.0,100.0,0.0,-1.0
125,0.0,62.0,20.0,90.0,58.0,100.0,58.0,71.0,37.0,41.0,23.0,9.0,58.0,0.0,100.0,4.0,-1.0
126,8.0,66.0,9.0,100.0,45.0,88.0,37.0,49.0,0.0,22.0,20.0,22.0,66.0,0.0,100.0,25.0,-1.0
127,6.0,89.0,52.0,100.0,100.0,91.0,93.0,65.0,62.0,43.0,25.0,23.0,0.0,2.0,55.0,0.0,-1.0
128,0.0,68.0,16.0,97.0,56.0,100.0,62.0,66.0,43.0,33.0,23.0,2.0,61.0,0.0,100.0,0.0,-1.0
129,0.0,75.0,15.0,100.0,47.0,91.0,41.0,64.0,27.0,38.0,16.0,11.0,53.0,1.0,100.0,0.0,-1.0
130,12.0,80.0,57.0,100.0,76.0,74.0,56.0,41.0,28.0,10.0,0.0,4.0,42.0,13.0,100.0,0.0,-1.0
131,0.0,90.0,31.0,100.0,46.0,72.0,27.0,42.0,2.0,17.0,29.0,4.0,64.0,2.0,100.0,0.0,-1.0
132,26.0,82.0,39.0,100.0,73.0,76.0,63.0,45.0,29.0,20.0,0.0,13.0,53.0,17.0,100.0,0.0,-1.0
133,40.0,78.0,62.0,100.0,58.0,67.0,35.0,39.0,0.0,32.0,27.0,22.0,62.0,7.0,100.0,0.0,-1.0
134,2.0,79.0,48.0,100.0,81.0,75.0,59.0,33.0,22.0,0.0,0.0,3.0,49.0,13.0,100.0,6.0,-1.0
135,33.0,77.0,30.0,100.0,63.0,73.0,43.0,36.0,0.0,16.0,29.0,16.0,78.0,0.0,100.0,32.0,-1.0
136,0.0,73.0,25.0,100.0,54.0,99.0,39.0,65.0,18.0,35.0,22.0,7.0,61.0,5.0,100.0,0.0,-1.0
137,0.0,79.0,27.0,93.0,60.0,100.0,77.0,80.0,72.0,54.0,64.0,28.0,66.0,4.0,100.0,0.0,-1.0
138,5.0,79.0,19.0,100.0,25.0,66.0,14.0,32.0,0.0,3.0,34.0,0.0,66.0,5.0,100.0,7.0,-1.0
139,29.0,72.0,52.0,100.0,63.0,58.0,39.0,17.0,0.0,0.0,18.0,17.0,59.0,10.0,100.0,3.0,-1.0
140,0.0,88.0,28.0,100.0,71.0,96.0,63.0,66.0,36.0,39.0,23.0,9.0,64.0,0.0,100.0,2.0,-1.0
141,23.0,86.0,62.0,100.0,71.0,71.0,41.0,43.0,0.0,24.0,7.0,17.0,52.0,7.0,100.0,0.0,-1.0
142,4.0,66.0,27.0,100.0,47.0,73.0,29.0,30.0,0.0,3.0,31.0,5.0,65.0,3.0,100.0,0.0,-1.0
143,17.0,73.0,41.0,100.0,55.0,73.0,32.0,39.0,0.0,12.0,13.0,4.0,58.0,0.0,100.0,8.0,-1.0
144,0.0,80.0,22.0,100.0,43.0,71.0,36.0,37.0,9.0,8.0,7.0,12.0,54.0,16.0,100.0,0.0,-1.0
145,42.0,66.0,54.0,100.0,81.0,83.0,57.0,48.0,24.0,19.0,0.0,12.0,50.0,9.0,100.0,0.0,-1.0
146,15.0,76.0,23.0,100.0,81.0,95.0,78.0,62.0,43.0,35.0,0.0,10.0,38.0,0.0,100.0,3.0,-1.0
147,0.0,78.0,30.0,100.0,62.0,91.0,48.0,59.0,24.0,31.0,14.0,3.0,57.0,1.0,100.0,0.0,-1.0
148,0.0,85.0,30.0,100.0,48.0,73.0,33.0,40.0,9.0,13.0,24.0,0.0,65.0,4.0,100.0,10.0,-1.0
149,18.0,66.0,34.0,100.0,76.0,84.0,51.0,50.0,0.0,26.0,12.0,26.0,58.0,0.0,100.0,20.0,-1.0
150,45.0,98.0,82.0,100.0,72.0,57.0,42.0,22.0,0.0,0.0,3.0,2.0,52.0,4.0,100.0,6.0,-1.0
151,29.0,76.0,50.0,100.0,70.0,74.0,50.0,42.0,18.0,16.0,0.0,0.0,50.0,7.0,100.0,7.0,-1.0
152,0.0,85.0,34.0,100.0,68.0,86.0,61.0,55.0,31.0,31.0,20.0,9.0,61.0,4.0,100.0,0.0,-1.0
153,0.0,69.0,20.0,100.0,56.0,86.0,41.0,49.0,10.0,19.0,10.0,5.0,57.0,0.0,100.0,16.0,-1.0
154,39.0,84.0,83.0,100.0,84.0,62.0,55.0,25.0,9.0,6.0,0.0,4.0,50.0,7.0,100.0,0.0,-1.0
155,0.0,88.0,39.0,100.0,79.0,89.0,76.0,62.0,55.0,36.0,27.0,15.0,54.0,3.0,100.0,0.0,-1.0
156,16.0,59.0,30.0,100.0,55.0,87.0,34.0,45.0,0.0,12.0,2.0,0.0,51.0,4.0,100.0,7.0,-1.0
157,0.0,85.0,32.0,100.0,65.0,88.0,49.0,52.0,21.0,24.0,30.0,6.0,65.0,4.0,100.0,0.0,-1.0
158,13.0,69.0,37.0,100.0,52.0,73.0,32.0,37.0,0.0,9.0,15.0,12.0,59.0,0.0,100.0,5.0,-1.0
159,11.0,71.0,16.0,100.0,53.0,79.0,44.0,41.0,9.0,14.0,0.0,6.0,50.0,3.0,100.0,0.0,-1.0
160,39.0,60.0,64.0,100.0,96.0,84.0,69.0,41.0,25.0,12.0,0.0,15.0,50.0,0.0,100.0,4.0,-1.0
161,26.0,64.0,34.0,100.0,65.0,77.0,43.0,36.0,1.0,11.0,0.0,8.0,50.0,4.0,100.0,0.0,-1.0
162,34.0,64.0,52.0,100.0,58.0,57.0,37.0,16.0,0.0,0.0,24.0,20.0,61.0,1.0,100.0,5.0,-1.0
163,22.0,84.0,41.0,100.0,49.0,69.0,26.0,40.0,0.0,11.0,21.0,0.0,60.0,6.0,100.0,12.0,-1.0
164,20.0,93.0,74.0,100.0,100.0,83.0,78.0,64.0,41.0,46.0,0.0,29.0,11.0,11.0,78.0,0.0,-1.0
165,0.0,68.0,16.0,100.0,51.0,90.0,35.0,53.0,7.0,19.0,8.0,1.0,58.0,0.0,100.0,17.0,-1.0
166,24.0,78.0,37.0,100.0,54.0,62.0,31.0,27.0,0.0,18.0,45.0,10.0,88.0,0.0,100.0,31.0,-1.0
167,37.0,75.0,46.0,100.0,69.0,80.0,40.0,44.0,1.0,15.0,0.0,16.0,50.0,7.0,100.0,0.0,-1.0
168,36.0,65.0,49.0,100.0,73.0,71.0,58.0,33.0,27.0,1.0,0.0,1.0,50.0,6.0,100.0,0.0,-1.0
169,47.0,100.0,77.0,100.0,72.0,55.0,42.0,19.0,0.0,0.0,5.0,12.0,52.0,7.0,100.0,0.0,-1.0
170,28.0,75.0,57.0,100.0,93.0,82.0,71.0,51.0,33.0,26.0,0.0,0.0,49.0,5.0,100.0,16.0,-1.0
171,0.0,75.0,29.0,100.0,74.0,93.0,69.0,60.0,41.0,29.0,0.0,3.0,37.0,0.0,100.0,6.0,-1.0
172,23.0,76.0,39.0,100.0,50.0,67.0,29.0,35.0,0.0,11.0,29.0,8.0,65.0,7.0,100.0,0.0,-1.0
173,0.0,85.0,39.0,100.0,83.0,99.0,87.0,71.0,60.0,44.0,32.0,17.0,55.0,0.0,100.0,1.0,-1.0
174,0.0,78.0,38.0,100.0,100.0,96.0,93.0,69.0,57.0,45.0,15.0,21.0,18.0,3.0,85.0,0.0,-1.0
175,53.0,69.0,49.0,91.0,100.0,100.0,86.0,66.0,52.0,36.0,0.0,18.0,15.0,9.0,74.0,0.0,-1.0
176,0.0,59.0,18.0,94.0,52.0,100.0,52.0,61.0,32.0,26.0,24.0,0.0,62.0,7.0,100.0,14.0,-1.0
177,47.0,88.0,45.0,100.0,71.0,76.0,52.0,40.0,19.0,10.0,0.0,13.0,51.0,12.0,100.0,0.0,-1.0
178,32.0,63.0,52.0,100.0,86.0,69.0,70.0,24.0,24.0,0.0,0.0,4.0,53.0,2.0,100.0,1.0,-1.0
179,29.0,83.0,60.0,100.0,78.0,64.0,56.0,27.0,13.0,2.0,0.0,19.0,52.0,18.0,100.0,0.0,-1.0
180,13.0,81.0,31.0,100.0,69.0,82.0,61.0,52.0,32.0,26.0,0.0,2.0,47.0,0.0,100.0,2.0,-1.0
181,0.0,72.0,19.0,100.0,43.0,87.0,39.0,51.0,22.0,18.0,33.0,0.0,66.0,5.0,100.0,11.0,-1.0
182,15.0,74.0,39.0,100.0,69.0,81.0,42.0,46.0,0.0,20.0,20.0,22.0,61.0,0.0,100.0,15.0,-1.0
183,39.0,74.0,65.0,100.0,65.0,60.0,38.0,21.0,0.0,0.0,23.0,22.0,62.0,4.0,100.0,4.0,-1.0
184,0.0,74.0,28.0,100.0,50.0,76.0,29.0,38.0,1.0,8.0,26.0,0.0,63.0,0.0,100.0,3.0,-1.0
185,13.0,71.0,30.0,100.0,60.0,79.0,40.0,42.0,6.0,13.0,0.0,9.0,51.0,11.0,100.0,0.0,-1.0
186,47.0,72.0,69.0,100.0,100.0,83.0,83.0,46.0,47.0,17.0,0.0,0.0,40.0,7.0,94.0,4.0,-1.0
187,14.0,71.0,40.0,100.0,49.0,70.0,27.0,36.0,0.0,5.0,25.0,0.0,66.0,2.0,100.0,19.0,-1.0
188,13.0,78.0,49.0,100.0,65.0,76.0,38.0,48.0,4.0,23.0,0.0,9.0,54.0,14.0,100.0,0.0,-1.0
189,38.0,69.0,60.0,100.0,60.0,60.0,35.0,24.0,0.0,7.0,28.0,15.0,65.0,4.0,100.0,0.0,-1.0
190,9.0,90.0,46.0,100.0,74.0,74.0,62.0,42.0,29.0,18.0,0.0,0.0,49.0,2.0,100.0,1.0,-1.0
191,23.0,88.0,52.0,100.0,51.0,67.0,30.0,38.0,0.0,16.0,27.0,8.0,64.0,3.0,100.0,0.0,-1.0
192,0.0,66.0,30.0,90.0,69.0,100.0,65.0,62.0,39.0,29.0,12.0,1.0,57.0,0.0,100.0,3.0,-1.0
193,0.0,70.0,6.0,98.0,46.0,100.0,76.0,77.0,50.0,46.0,24.0,17.0,58.0,0.0,100.0,1.0,-1.0
194,0.0,57.0,27.0,90.0,84.0,100.0,100.0,66.0,67.0,33.0,21.0,7.0,24.0,0.0,84.0,2.0,-1.0
195,45.0,69.0,58.0,100.0,94.0,83.0,75.0,47.0,39.0,18.0,0.0,0.0,50.0,9.0,100.0,2.0,-1.0
196,23.0,78.0,26.0,100.0,62.0,85.0,34.0,55.0,0.0,27.0,1.0,0.0,51.0,0.0,100.0,7.0,-1.0
197,0.0,86.0,28.0,100.0,59.0,93.0,57.0,66.0,38.0,40.0,34.0,13.0,66.0,4.0,100.0,0.0,-1.0
198,5.0,68.0,23.0,100.0,63.0,78.0,55.0,32.0,14.0,4.0,0.0,15.0,50.0,10.0,100.0,0.0,-1.0
199,0.0,82.0,43.0,100.0,100.0,94.0,90.0,65.0,55.0,41.0,13.0,18.0,28.0,1.0,92.0,0.0,-1.0
200,0.0,85.0,33.0,100.0,55.0,82.0,44.0,57.0,28.0,32.0,17.0,8.0,55.0,0.0,100.0,1.0,-1.0
201,12.0,96.0,60.0,100.0,96.0,81.0,60.0,55.0,16.0,33.0,0.0,8.0,55.0,2.0,100.0,0.0,-1.0
202,0.0,83.0,22.0,100.0,38.0,70.0,27.0,30.0,14.0,0.0,42.0,1.0,71.0,2.0,100.0,5.0,-1.0
203,0.0,82.0,26.0,98.0,59.0,100.0,67.0,78.0,55.0,53.0,49.0,27.0,65.0,6.0,100.0,0.0,-1.0
204,4.0,82.0,47.0,100.0,84.0,85.0,77.0,50.0,44.0,21.0,0.0,13.0,53.0,16.0,100.0,0.0,-1.0
205,39.0,91.0,66.0,100.0,55.0,67.0,31.0,39.0,0.0,19.0,32.0,15.0,66.0,0.0,100.0,1.0,-1.0
206,17.0,78.0,30.0,100.0,55.0,80.0,31.0,50.0,0.0,23.0,4.0,0.0,52.0,1.0,100.0,5.0,-1.0
207,0.0,80.0,28.0,100.0,55.0,82.0,37.0,48.0,11.0,20.0,24.0,3.0,62.0,1.0,100.0,0.0,-1.0
208,0.0,65.0,13.0,100.0,55.0,87.0,48.0,42.0,15.0,9.0,1.0,17.0,51.0,12.0,100.0,0.0,-1.0
209,0.0,78.0,25.0,100.0,66.0,98.0,87.0,71.0,62.0,40.0,32.0,13.0,58.0,0.0,100.0,3.0,-1.0
210,16.0,72.0,35.0,100.0,46.0,74.0,26.0,42.0,0.0,13.0,4.0,3.0,53.0,0.0,100.0,4.0,-1.0
211,41.0,100.0,69.0,100.0,54.0,69.0,24.0,50.0,0.0,36.0,35.0,31.0,68.0,14.0,100.0,0.0,-1.0
212,1.0,66.0,8.0,100.0,29.0,77.0,22.0,35.0,0.0,2.0,31.0,0.0,65.0,4.0,100.0,10.0,-1.0
213,28.0,79.0,55.0,100.0,52.0,68.0,29.0,39.0,0.0,15.0,31.0,1.0,68.0,0.0,100.0,23.0,-1.0
214,0.0,83.0,37.0,100.0,61.0,81.0,44.0,53.0,19.0,27.0,3.0,0.0,51.0,3.0,100.0,7.0,-1.0
215,24.0,86.0,57.0,100.0,55.0,72.0,30.0,47.0,0.0,26.0,31.0,9.0,69.0,1.0,100.0,0.0,-1.0
216,27.0,66.0,53.0,100.0,76.0,77.0,49.0,40.0,9.0,13.0,0.0,15.0,50.0,5.0,100.0,0.0,-1.0
217,14.0,77.0,34.0,100.0,52.0,74.0,30.0,41.0,0.0,13.0,25.0,5.0,66.0,0.0,100.0,23.0,-1.0
218,49.0,76.0,47.0,93.0,100.0,100.0,88.0,57.0,48.0,24.0,0.0,0.0,43.0,11.0,97.0,0.0,-1.0
219,4.0,65.0,14.0,100.0,24.0,66.0,16.0,28.0,0.0,1.0,34.0,0.0,66.0,0.0,100.0,0.0,-1.0
220,40.0,71.0,60.0,100.0,100.0,85.0,78.0,46.0,37.0,20.0,0.0,4.0,49.0,3.0,99.0,0.0,-1.0
221,0.0,76.0,24.0,100.0,58.0,95.0,53.0,58.0,31.0,26.0,9.0,1.0,54.0,1.0,100.0,0.0,-1.0
222,32.0,68.0,49.0,100.0,91.0,92.0,59.0,47.0,13.0,11.0,0.0,23.0,46.0,0.0,100.0,5.0,-1.0
223,9.0,93.0,53.0,100.0,89.0,80.0,57.0,52.0,17.0,30.0,0.0,5.0,50.0,2.0,100.0,0.0,-1.0
224,3.0,58.0,20.0,100.0,41.0,80.0,22.0,38.0,0.0,8.0,33.0,4.0,66.0,3.0,100.0,0.0,-1.0
225,0.0,92.0,44.0,100.0,88.0,91.0,82.0,66.0,55.0,44.0,26.0,23.0,51.0,6.0,100.0,0.0,-1.0
226,24.0,66.0,43.0,100.0,59.0,65.0,34.0,28.0,0.0,1.0,16.0,11.0,58.0,0.0,100.0,1.0,-1.0
227,0.0,62.0,19.0,93.0,84.0,100.0,100.0,66.0,71.0,32.0,20.0,6.0,25.0,0.0,93.0,2.0,-1.0
228,16.0,67.0,35.0,100.0,50.0,70.0,36.0,34.0,15.0,0.0,0.0,21.0,48.0,20.0,100.0,9.0,-1.0
229,45.0,82.0,60.0,100.0,56.0,69.0,31.0,43.0,0.0,23.0,28.0,3.0,65.0,0.0,100.0,16.0,-1.0
230,7.0,77.0,43.0,100.0,59.0,77.0,36.0,41.0,3.0,10.0,0.0,0.0,54.0,0.0,100.0,20.0,-1.0
231,45.0,76.0,49.0,95.0,100.0,100.0,87.0,61.0,48.0,31.0,0.0,13.0,29.0,10.0,82.0,0.0,-1.0
232,35.0,69.0,55.0,100.0,87.0,81.0,70.0,44.0,34.0,17.0,0.0,4.0,50.0,5.0,100.0,0.0,-1.0
233,0.0,66.0,20.0,100.0,51.0,93.0,50.0,51.0,33.0,13.0,25.0,0.0,62.0,8.0,100.0,7.0,-1.0
234,0.0,78.0,25.0,100.0,58.0,77.0,46.0,37.0,10.0,12.0,19.0,24.0,62.0,9.0,100.0,0.0,-1.0
235,0.0,70.0,19.0,100.0,43.0,77.0,36.0,44.0,13.0,15.0,11.0,15.0,57.0,14.0,100.0,0.0,-1.0
236,0.0,70.0,9.0,100.0,44.0,97.0,35.0,60.0,14.0,27.0,21.0,0.0,60.0,0.0,100.0,3.0,-1.0
237,18.0,76.0,37.0,100.0,77.0,79.0,61.0,39.0,22.0,10.0,0.0,24.0,53.0,19.0,100.0,0.0,-1.0
238,27.0,72.0,56.0,100.0,60.0,66.0,35.0,26.0,0.0,12.0,32.0,16.0,69.0,0.0,100.0,10.0,-1.0
239,41.0,84.0,58.0,100.0,62.0,66.0,35.0,38.0,0.0,19.0,24.0,6.0,64.0,0.0,100.0,16.0,-1.0
240,40.0,76.0,62.0,100.0,62.0,69.0,34.0,40.0,0.0,16.0,12.0,11.0,57.0,10.0,100.0,0.0,-1.0
241,0.0,84.0,47.0,100.0,100.0,88.0,82.0,61.0,47.0,38.0,5.0,16.0,28.0,0.0,98.0,1.0,-1.0
242,36.0,85.0,71.0,100.0,100.0,82.0,72.0,56.0,36.0,35.0,0.0,13.0,33.0,0.0,88.0,0.0,-1.0
243,0.0,90.0,46.0,100.0,88.0,92.0,79.0,69.0,60.0,48.0,39.0,27.0,47.0,6.0,100.0,0.0,-1.0
244,23.0,80.0,60.0,100.0,100.0,88.0,81.0,61.0,43.0,40.0,0.0,23.0,11.0,5.0,64.0,0.0,-1.0
245,0.0,74.0,18.0,100.0,50.0,94.0,45.0,62.0,32.0,32.0,24.0,4.0,62.0,0.0,100.0,1.0,-1.0
246,0.0,69.0,26.0,100.0,54.0,67.0,45.0,23.0,5.0,0.0,6.0,0.0,53.0,0.0,100.0,1.0,-1.0
247,0.0,56.0,13.0,100.0,50.0,89.0,40.0,40.0,10.0,2.0,12.0,4.0,58.0,0.0,100.0,17.0,-1.0
248,0.0,83.0,29.0,100.0,63.0,95.0,46.0,62.0,25.0,31.0,25.0,0.0,63.0,4.0,100.0,14.0,-1.0
249,49.0,97.0,77.0,100.0,79.0,60.0,47.0,28.0,0.0,11.0,8.0,24.0,58.0,14.0,100.0,0.0,-1.0
250,1.0,69.0,26.0,100.0,59.0,85.0,37.0,46.0,2.0,14.0,0.0,16.0,55.0,0.0,100.0,17.0,-1.0
251,16.0,94.0,56.0,100.0,76.0,76.0,43.0,52.0,6.0,30.0,0.0,6.0,49.0,1.0,100.0,0.0,-1.0
252,13.0,71.0,40.0,100.0,65.0,69.0,41.0,34.0,0.0,12.0,2.0,8.0,51.0,6.0,100.0,0.0,-1.0
253,32.0,76.0,70.0,100.0,100.0,72.0,66.0,38.0,7.0,19.0,0.0,33.0,59.0,18.0,91.0,0.0,-1.0
254,43.0,80.0,65.0,100.0,98.0,88.0,69.0,50.0,29.0,20.0,0.0,12.0,52.0,19.0,100.0,0.0,-1.0
255,0.0,82.0,25.0,100.0,36.0,68.0,21.0,33.0,13.0,7.0,42.0,2.0,71.0,0.0,100.0,1.0,-1.0
256,0.0,82.0,27.0,100.0,35.0,70.0,18.0,40.0,6.0,8.0,41.0,0.0,78.0,1.0,100.0,3.0,-1.0
257,0.0,82.0,37.0,100.0,75.0,87.0,61.0,55.0,34.0,27.0,9.0,5.0,56.0,5.0,100.0,0.0,-1.0
258,41.0,73.0,60.0,100.0,72.0,73.0,61.0,40.0,37.0,10.0,0.0,0.0,49.0,1.0,100.0,2.0,-1.0
259,8.0,73.0,22.0,100.0,34.0,65.0,26.0,29.0,0.0,2.0,16.0,0.0,58.0,3.0,100.0,6.0,-1.0
260,0.0,67.0,25.0,100.0,49.0,73.0,36.0,33.0,6.0,0.0,1.0,6.0,53.0,3.0,100.0,11.0,-1.0
261,10.0,89.0,30.0,100.0,49.0,73.0,29.0,42.0,0.0,16.0,20.0,19.0,64.0,20.0,100.0,0.0,-1.0
262,43.0,80.0,41.0,100.0,80.0,93.0,64.0,51.0,32.0,17.0,0.0,3.0,50.0,12.0,100.0,0.0,-1.0
263,0.0,68.0,34.0,93.0,99.0,100.0,100.0,66.0,66.0,35.0,13.0,11.0,1.0,0.0,76.0,2.0,-1.0
264,18.0,75.0,51.0,100.0,100.0,96.0,79.0,65.0,41.0,40.0,0.0,17.0,9.0,0.0,63.0,2.0,-1.0
265,0.0,77.0,15.0,100.0,46.0,100.0,45.0,64.0,31.0,31.0,35.0,0.0,67.0,1.0,100.0,8.0,-1.0
266,24.0,78.0,43.0,100.0,54.0,75.0,30.0,43.0,0.0,16.0,27.0,4.0,66.0,0.0,100.0,22.0,-1.0
267,12.0,78.0,43.0,100.0,100.0,97.0,78.0,66.0,38.0,40.0,0.0,13.0,38.0,0.0,100.0,3.0,-1.0
268,31.0,72.0,56.0,100.0,70.0,76.0,47.0,45.0,15.0,17.0,0.0,4.0,50.0,0.0,100.0,0.0,-1.0
269,30.0,63.0,44.0,100.0,89.0,96.0,77.0,56.0,40.0,24.0,0.0,11.0,51.0,19.0,100.0,0.0,-1.0
270,38.0,70.0,61.0,100.0,91.0,86.0,72.0,53.0,39.0,24.0,0.0,0.0,47.0,12.0,100.0,11.0,-1.0
271,12.0,76.0,46.0,100.0,67.0,79.0,52.0,46.0,26.0,16.0,0.0,0.0,55.0,2.0,100.0,7.0,-1.0
272,0.0,74.0,35.0,100.0,100.0,96.0,94.0,63.0,52.0,35.0,0.0,11.0,5.0,0.0,77.0,6.0,-1.0
273,16.0,84.0,56.0,100.0,72.0,65.0,46.0,29.0,8.0,0.0,0.0,16.0,50.0,17.0,100.0,5.0,-1.0
274,0.0,71.0,20.0,100.0,54.0,91.0,51.0,55.0,29.0,22.0,3.0,0.0,54.0,3.0,100.0,9.0,-1.0
275,34.0,89.0,64.0,100.0,63.0,56.0,37.0,20.0,0.0,1.0,18.0,23.0,58.0,8.0,100.0,0.0,-1.0
276,54.0,69.0,78.0,100.0,70.0,55.0,39.0,18.0,0.0,0.0,16.0,23.0,58.0,18.0,100.0,10.0,-1.0
277,0.0,83.0,32.0,100.0,67.0,93.0,52.0,59.0,26.0,29.0,18.0,5.0,60.0,0.0,100.0,3.0,-1.0
278,21.0,82.0,55.0,100.0,69.0,65.0,40.0,26.0,0.0,0.0,4.0,6.0,51.0,6.0,100.0,5.0,-1.0
279,0.0,82.0,31.0,100.0,47.0,68.0,36.0,34.0,8.0,5.0,12.0,20.0,60.0,18.0,100.0,0.0,-1.0
280,11.0,77.0,39.0,100.0,52.0,68.0,33.0,32.0,0.0,5.0,7.0,12.0,54.0,9.0,100.0,0.0,-1.0
281,16.0,86.0,46.0,100.0,48.0,64.0,32.0,31.0,0.0,3.0,1.0,6.0,51.0,5.0,100.0,0.0,-1.0
282,16.0,75.0,43.0,100.0,66.0,75.0,44.0,39.0,10.0,10.0,0.0,0.0,50.0,9.0,100.0,18.0,-1.0
283,41.0,79.0,47.0,100.0,84.0,94.0,71.0,52.0,42.0,16.0,0.0,3.0,49.0,7.0,100.0,0.0,-1.0
284,13.0,82.0,44.0,100.0,51.0,72.0,30.0,44.0,0.0,20.0,7.0,7.0,55.0,6.0,100.0,0.0,-1.0
285,54.0,71.0,71.0,100.0,92.0,77.0,70.0,40.0,37.0,10.0,0.0,0.0,50.0,7.0,100.0,9.0,-1.0
286,24.0,94.0,40.0,100.0,64.0,78.0,36.0,48.0,0.0,23.0,13.0,9.0,63.0,5.0,100.0,0.0,-1.0
287,0.0,77.0,33.0,100.0,55.0,71.0,45.0,35.0,14.0,8.0,9.0,19.0,56.0,17.0,100.0,0.0,-1.0
288,16.0,67.0,30.0,100.0,76.0,97.0,71.0,57.0,41.0,23.0,0.0,0.0,50.0,3.0,100.0,1.0,-1.0
289,26.0,84.0,38.0,100.0,52.0,74.0,30.0,42.0,0.0,15.0,20.0,9.0,62.0,0.0,100.0,18.0,-1.0
290,2.0,75.0,28.0,100.0,66.0,95.0,48.0,65.0,22.0,37.0,0.0,7.0,47.0,0.0,100.0,1.0,-1.0
291,14.0,86.0,50.0,100.0,73.0,80.0,39.0,53.0,0.0,28.0,0.0,4.0,58.0,1.0,100.0,0.0,-1.0
292,25.0,74.0,47.0,100.0,66.0,74.0,41.0,44.0,4.0,20.0,0.0,9.0,49.0,1.0,100.0,0.0,-1.0
293,24.0,85.0,59.0,100.0,73.0,63.0,46.0,29.0,0.0,16.0,5.0,29.0,54.0,19.0,100.0,0.0,-1.0
294,0.0,84.0,42.0,100.0,59.0,74.0,42.0,45.0,10.0,19.0,1.0,16.0,55.0,16.0,100.0,0.0,-1.0
295,19.0,100.0,36.0,96.0,34.0,58.0,13.0,28.0,0.0,12.0,34.0,5.0,67.0,0.0,100.0,4.0,-1.0
296,0.0,78.0,21.0,100.0,54.0,97.0,68.0,72.0,60.0,43.0,48.0,16.0,66.0,0.0,100.0,6.0,-1.0
297,5.0,81.0,45.0,100.0,71.0,77.0,48.0,38.0,16.0,6.0,0.0,3.0,50.0,8.0,100.0,0.0,-1.0
298,11.0,72.0,38.0,100.0,53.0,72.0,34.0,35.0,5.0,3.0,0.0,1.0,52.0,0.0,100.0,1.0,-1.0
299,0.0,78.0,16.0,100.0,51.0,74.0,42.0,37.0,10.0,8.0,21.0,18.0,65.0,0.0,100.0,19.0,-1.0
300,50.0,74.0,65.0,100.0,70.0,62.0,40.0,25.0,0.0,0.0,4.0,3.0,52.0,5.0,100.0,8.0,-1.0
301,0.0,71.0,39.0,94.0,100.0,100.0,100.0,73.0,54.0,48.0,11.0,23.0,33.0,1.0,95.0,0.0,-1.0
302,33.0,79.0,75.0,100.0,99.0,75.0,71.0,45.0,24.0,25.0,0.0,29.0,55.0,21.0,100.0,0.0,-1.0
303,50.0,71.0,74.0,100.0,100.0,81.0,75.0,47.0,42.0,17.0,0.0,1.0,39.0,11.0,91.0,0.0,-1.0
304,40.0,79.0,61.0,100.0,78.0,72.0,46.0,41.0,0.0,16.0,1.0,5.0,61.0,1.0,100.0,0.0,-1.0
305,26.0,59.0,43.0,100.0,55.0,68.0,35.0,25.0,0.0,0.0,17.0,14.0,59.0,3.0,100.0,10.0,-1.0
306,53.0,81.0,66.0,100.0,86.0,70.0,77.0,35.0,43.0,9.0,0.0,8.0,51.0,11.0,100.0,0.0,-1.0
307,25.0,74.0,36.0,100.0,61.0,78.0,39.0,37.0,5.0,4.0,0.0,2.0,50.0,0.0,100.0,1.0,-1.0
308,0.0,85.0,27.0,100.0,54.0,85.0,44.0,55.0,22.0,29.0,33.0,7.0,66.0,2.0,100.0,0.0,-1.0
309,0.0,86.0,37.0,100.0,95.0,92.0,87.0,67.0,55.0,44.0,18.0,23.0,32.0,2.0,100.0,0.0,-1.0
310,30.0,78.0,62.0,100.0,81.0,77.0,59.0,46.0,25.0,19.0,0.0,11.0,50.0,5.0,100.0,0.0,-1.0
311,56.0,76.0,75.0,100.0,91.0,67.0,68.0,33.0,28.0,10.0,0.0,17.0,51.0,14.0,100.0,0.0,-1.0
312,0.0,73.0,30.0,100.0,62.0,86.0,46.0,48.0,13.0,22.0,21.0,21.0,58.0,4.0,100.0,0.0,-1.0
313,2.0,95.0,64.0,100.0,100.0,78.0,87.0,50.0,51.0,25.0,0.0,6.0,20.0,0.0,89.0,3.0,-1.0
314,50.0,60.0,47.0,100.0,92.0,95.0,88.0,47.0,48.0,15.0,0.0,0.0,49.0,5.0,100.0,3.0,-1.0
315,14.0,69.0,34.0,100.0,50.0,74.0,29.0,36.0,0.0,21.0,36.0,23.0,68.0,0.0,100.0,14.0,-1.0
316,10.0,61.0,35.0,100.0,69.0,88.0,41.0,46.0,0.0,13.0,10.0,28.0,53.0,0.0,100.0,23.0,-1.0
317,11.0,77.0,33.0,100.0,50.0,79.0,27.0,52.0,0.0,28.0,11.0,7.0,55.0,3.0,100.0,0.0,-1.0
318,3.0,66.0,16.0,100.0,27.0,69.0,14.0,32.0,0.0,0.0,33.0,5.0,67.0,10.0,100.0,11.0,-1.0
319,37.0,80.0,81.0,100.0,95.0,70.0,68.0,39.0,32.0,11.0,0.0,10.0,48.0,17.0,100.0,0.0,-1.0
320,10.0,64.0,29.0,100.0,60.0,90.0,46.0,52.0,19.0,18.0,0.0,8.0,50.0,5.0,100.0,0.0,-1.0
321,2.0,82.0,26.0,100.0,36.0,70.0,22.0,38.0,0.0,12.0,26.0,0.0,63.0,1.0,100.0,4.0,-1.0
322,0.0,90.0,41.0,100.0,69.0,86.0,59.0,64.0,45.0,43.0,33.0,22.0,49.0,3.0,100.0,0.0,-1.0
323,25.0,71.0,44.0,100.0,65.0,81.0,37.0,52.0,0.0,30.0,9.0,18.0,54.0,10.0,100.0,0.0,-1.0
324,25.0,80.0,52.0,100.0,57.0,67.0,30.0,36.0,0.0,11.0,27.0,6.0,63.0,4.0,100.0,0.0,-1.0
325,12.0,66.0,51.0,92.0,100.0,100.0,74.0,70.0,36.0,42.0,0.0,15.0,35.0,0.0,100.0,9.0,-1.0
326,46.0,75.0,44.0,100.0,79.0,90.0,56.0,44.0,19.0,6.0,0.0,6.0,50.0,10.0,100.0,0.0,-1.0
327,0.0,72.0,19.0,100.0,27.0,60.0,10.0,21.0,2.0,1.0,35.0,0.0,68.0,1.0,100.0,8.0,-1.0
328,38.0,79.0,59.0,100.0,89.0,77.0,69.0,44.0,31.0,17.0,0.0,22.0,54.0,20.0,100.0,0.0,-1.0
329,20.0,80.0,61.0,100.0,68.0,73.0,38.0,44.0,0.0,20.0,16.0,19.0,58.0,0.0,100.0,15.0,-1.0
330,7.0,79.0,40.0,100.0,47.0,66.0,34.0,30.0,6.0,0.0,0.0,8.0,49.0,9.0,100.0,9.0,-1.0
331,60.0,74.0,89.0,100.0,96.0,78.0,68.0,50.0,34.0,24.0,0.0,2.0,51.0,7.0,100.0,0.0,-1.0
332,0.0,88.0,42.0,100.0,68.0,83.0,52.0,59.0,29.0,36.0,9.0,12.0,48.0,2.0,100.0,0.0,-1.0
333,14.0,78.0,44.0,100.0,63.0,79.0,41.0,52.0,13.0,29.0,0.0,2.0,50.0,0.0,100.0,8.0,-1.0
334,0.0,91.0,32.0,100.0,49.0,77.0,39.0,50.0,21.0,25.0,20.0,5.0,60.0,3.0,100.0,0.0,-1.0
335,0.0,69.0,27.0,95.0,66.0,100.0,76.0,66.0,61.0,31.0,37.0,1.0,58.0,0.0,100.0,6.0,-1.0
336,1.0,91.0,44.0,100.0,75.0,81.0,39.0,57.0,3.0,34.0,0.0,7.0,50.0,0.0,100.0,2.0,-1.0
337,0.0,86.0,22.0,100.0,49.0,92.0,46.0,63.0,35.0,35.0,45.0,9.0,72.0,1.0,100.0,0.0,-1.0
338,37.0,79.0,78.0,100.0,94.0,68.0,60.0,37.0,10.0,19.0,0.0,31.0,55.0,24.0,100.0,0.0,-1.0
339,21.0,89.0,36.0,100.0,24.0,61.0,0.0,31.0,1.0,21.0,32.0,2.0,67.0,0.0,100.0,17.0,-1.0
340,0.0,79.0,21.0,100.0,31.0,68.0,22.0,34.0,7.0,2.0,34.0,0.0,69.0,8.0,100.0,11.0,-1.0
341,0.0,87.0,22.0,100.0,48.0,97.0,62.0,78.0,64.0,55.0,64.0,32.0,76.0,11.0,100.0,0.0,-1.0
342,33.0,66.0,50.0,100.0,58.0,57.0,36.0,18.0,0.0,0.0,21.0,17.0,61.0,13.0,100.0,4.0,-1.0
343,42.0,79.0,53.0,100.0,68.0,75.0,48.0,48.0,17.0,24.0,0.0,10.0,50.0,7.0,100.0,0.0,-1.0
344,63.0,81.0,95.0,100.0,95.0,62.0,66.0,26.0,21.0,0.0,0.0,15.0,48.0,35.0,100.0,15.0,-1.0
345,21.0,68.0,39.0,100.0,49.0,76.0,27.0,43.0,0.0,12.0,3.0,0.0,53.0,2.0,100.0,13.0,-1.0
346,35.0,83.0,69.0,100.0,100.0,79.0,84.0,52.0,47.0,31.0,0.0,12.0,14.0,0.0,77.0,2.0,-1.0
347,0.0,99.0,27.0,100.0,49.0,83.0,51.0,55.0,43.0,29.0,44.0,3.0,72.0,0.0,100.0,2.0,-1.0
348,0.0,75.0,28.0,100.0,66.0,71.0,55.0,34.0,5.0,12.0,22.0,11.0,80.0,0.0,100.0,32.0,-1.0
349,25.0,81.0,43.0,100.0,46.0,61.0,29.0,27.0,0.0,5.0,34.0,2.0,68.0,0.0,100.0,7.0,-1.0
350,11.0,72.0,28.0,100.0,66.0,78.0,56.0,38.0,19.0,10.0,0.0,6.0,50.0,5.0,100.0,0.0,-1.0
351,20.0,71.0,30.0,100.0,75.0,97.0,59.0,63.0,25.0,35.0,0.0,10.0,50.0,3.0,100.0,0.0,-1.0
352,48.0,95.0,94.0,100.0,100.0,73.0,75.0,47.0,41.0,25.0,0.0,5.0,41.0,1.0,94.0,0.0,-1.0
353,41.0,75.0,62.0,100.0,100.0,94.0,74.0,67.0,37.0,43.0,0.0,20.0,23.0,2.0,83.0,0.0,-1.0
354,26.0,88.0,49.0,100.0,56.0,74.0,32.0,45.0,0.0,21.0,24.0,5.0,67.0,0.0,100.0,23.0,-1.0
355,33.0,58.0,19.0,90.0,78.0,100.0,91.0,62.0,51.0,28.0,0.0,2.0,37.0,1.0,100.0,0.0,-1.0
356,38.0,73.0,62.0,100.0,87.0,75.0,67.0,39.0,31.0,9.0,0.0,10.0,50.0,20.0,100.0,0.0,-1.0
357,0.0,96.0,9.0,97.0,50.0,100.0,47.0,64.0,22.0,32.0,19.0,0.0,60.0,5.0,100.0,19.0,-1.0
358,24.0,88.0,58.0,100.0,56.0,70.0,30.0,41.0,0.0,17.0,12.0,0.0,56.0,2.0,100.0,3.0,-1.0
359,0.0,85.0,22.0,100.0,50.0,88.0,43.0,52.0,20.0,21.0,27.0,2.0,65.0,0.0,100.0,2.0,-1.0
360,29.0,94.0,54.0,100.0,54.0,64.0,31.0,32.0,0.0,10.0,26.0,7.0,62.0,3.0,100.0,0.0,-1.0
361,0.0,74.0,18.0,100.0,67.0,99.0,57.0,66.0,27.0,36.0,0.0,5.0,48.0,0.0,100.0,5.0,-1.0
362,25.0,81.0,47.0,100.0,48.0,55.0,27.0,17.0,0.0,3.0,32.0,21.0,65.0,2.0,100.0,0.0,-1.0
363,14.0,86.0,46.0,100.0,50.0,63.0,34.0,28.0,0.0,5.0,18.0,8.0,62.0,1.0,100.0,0.0,-1.0
364,30.0,83.0,62.0,100.0,51.0,69.0,29.0,40.0,0.0,14.0,1.0,0.0,50.0,8.0,100.0,10.0,-1.0
365,0.0,95.0,40.0,100.0,74.0,80.0,40.0,55.0,1.0,35.0,15.0,12.0,63.0,8.0,100.0,0.0,-1.0
366,0.0,70.0,22.0,99.0,50.0,100.0,45.0,59.0,28.0,22.0,39.0,0.0,69.0,4.0,100.0,8.0,-1.0
367,30.0,69.0,38.0,100.0,82.0,88.0,76.0,53.0,43.0,24.0,0.0,0.0,43.0,6.0,100.0,6.0,-1.0
368,18.0,88.0,47.0,100.0,47.0,71.0,21.0,47.0,0.0,21.0,22.0,1.0,61.0,0.0,100.0,3.0,-1.0
369,26.0,91.0,74.0,100.0,74.0,77.0,48.0,53.0,19.0,30.0,0.0,5.0,47.0,0.0,100.0,2.0,-1.0
370,48.0,81.0,29.0,100.0,67.0,88.0,48.0,40.0,12.0,3.0,0.0,8.0,50.0,14.0,100.0,0.0,-1.0
371,0.0,79.0,25.0,100.0,51.0,80.0,53.0,46.0,37.0,15.0,30.0,0.0,65.0,3.0,100.0,1.0,-1.0
372,63.0,88.0,84.0,100.0,93.0,67.0,69.0,34.0,28.0,8.0,0.0,14.0,51.0,19.0,100.0,0.0,-1.0
373,58.0,64.0,69.0,100.0,91.0,71.0,72.0,33.0,36.0,4.0,0.0,1.0,50.0,6.0,100.0,0.0,-1.0
374,16.0,68.0,37.0,100.0,63.0,90.0,45.0,48.0,16.0,11.0,0.0,1.0,50.0,0.0,100.0,8.0,-1.0
375,0.0,68.0,34.0,100.0,74.0,88.0,56.0,40.0,17.0,10.0,10.0,23.0,55.0,12.0,100.0,0.0,-1.0
376,1.0,61.0,11.0,100.0,19.0,66.0,2.0,27.0,0.0,1.0,33.0,0.0,66.0,1.0,100.0,3.0,-1.0
377,6.0,79.0,49.0,100.0,100.0,97.0,79.0,67.0,40.0,43.0,0.0,18.0,32.0,1.0,91.0,0.0,-1.0
378,35.0,78.0,48.0,100.0,76.0,78.0,57.0,41.0,24.0,11.0,0.0,8.0,50.0,7.0,100.0,0.0,-1.0
379,32.0,80.0,72.0,100.0,82.0,76.0,55.0,47.0,24.0,20.0,0.0,0.0,50.0,7.0,100.0,3.0,-1.0
380,1.0,73.0,29.0,100.0,74.0,97.0,56.0,63.0,21.0,34.0,0.0,4.0,50.0,0.0,100.0,0.0,-1.0
381,14.0,78.0,56.0,100.0,88.0,80.0,71.0,41.0,36.0,12.0,0.0,0.0,49.0,12.0,100.0,7.0,-1.0
382,13.0,75.0,44.0,100.0,52.0,65.0,32.0,30.0,0.0,0.0,0.0,11.0,50.0,5.0,100.0,5.0,-1.0
383,18.0,76.0,55.0,100.0,65.0,62.0,38.0,23.0,0.0,0.0,13.0,18.0,57.0,20.0,100.0,16.0,-1.0
384,0.0,86.0,36.0,100.0,66.0,75.0,48.0,40.0,16.0,13.0,12.0,0.0,56.0,8.0,100.0,7.0,-1.0
385,42.0,49.0,34.0,94.0,81.0,100.0,85.0,53.0,48.0,16.0,0.0,0.0,45.0,3.0,100.0,3.0,-1.0
386,14.0,88.0,49.0,100.0,65.0,77.0,34.0,53.0,0.0,31.0,1.0,7.0,50.0,0.0,100.0,0.0,-1.0
387,20.0,73.0,47.0,100.0,62.0,70.0,41.0,35.0,11.0,3.0,0.0,15.0,49.0,9.0,100.0,0.0,-1.0
388,0.0,86.0,39.0,100.0,51.0,66.0,35.0,32.0,8.0,1.0,1.0,0.0,51.0,15.0,100.0,0.0,-1.0
389,0.0,86.0,35.0,100.0,66.0,81.0,66.0,55.0,51.0,30.0,26.0,8.0,49.0,0.0,100.0,1.0,-1.0
390,0.0,91.0,27.0,100.0,31.0,62.0,16.0,26.0,10.0,0.0,40.0,3.0,70.0,7.0,100.0,8.0,-1.0
391,42.0,59.0,53.0,100.0,87.0,81.0,61.0,41.0,22.0,12.0,0.0,1.0,50.0,1.0,100.0,0.0,-1.0
392,21.0,77.0,54.0,100.0,57.0,70.0,31.0,37.0,0.0,11.0,17.0,3.0,58.0,1.0,100.0,0.0,-1.0
393,0.0,73.0,4.0,100.0,70.0,100.0,93.0,70.0,61.0,38.0,15.0,12.0,31.0,0.0,100.0,6.0,-1.0
394,29.0,73.0,57.0,100.0,97.0,87.0,81.0,51.0,45.0,24.0,0.0,3.0,45.0,2.0,100.0,0.0,-1.0
395,51.0,63.0,59.0,100.0,79.0,70.0,56.0,31.0,20.0,0.0,0.0,6.0,47.0,24.0,100.0,19.0,-1.0
396,60.0,88.0,89.0,100.0,93.0,70.0,71.0,39.0,40.0,12.0,0.0,0.0,48.0,0.0,100.0,1.0,-1.0
397,32.0,90.0,74.0,100.0,82.0,58.0,50.0,23.0,3.0,4.0,0.0,18.0,52.0,17.0,100.0,0.0,-1.0
398,2.0,72.0,33.0,100.0,58.0,79.0,34.0,46.0,3.0,15.0,0.0,2.0,53.0,0.0,100.0,10.0,-1.0
399,0.0,54.0,4.0,100.0,43.0,98.0,36.0,48.0,10.0,6.0,11.0,2.0,56.0,9.0,100.0,0.0,-1.0
400,17.0,77.0,38.0,100.0,54.0,73.0,32.0,39.0,0.0,11.0,6.0,10.0,53.0,0.0,100.0,3.0,-1.0
401,0.0,75.0,8.0,100.0,40.0,91.0,28.0,59.0,7.0,31.0,13.0,8.0,56.0,5.0,100.0,0.0,-1.0
402,46.0,82.0,65.0,100.0,69.0,72.0,39.0,47.0,0.0,28.0,12.0,20.0,56.0,9.0,100.0,0.0,-1.0
403,0.0,70.0,33.0,100.0,83.0,97.0,78.0,59.0,44.0,26.0,2.0,0.0,42.0,1.0,100.0,2.0,-1.0
404,5.0,68.0,45.0,100.0,87.0,83.0,55.0,45.0,10.0,13.0,0.0,12.0,57.0,0.0,100.0,9.0,-1.0
405,27.0,82.0,52.0,100.0,62.0,72.0,32.0,45.0,0.0,20.0,11.0,0.0,55.0,2.0,100.0,6.0,-1.0
406,31.0,89.0,51.0,100.0,52.0,67.0,31.0,39.0,0.0,19.0,27.0,9.0,63.0,0.0,100.0,14.0,-1.0
407,0.0,85.0,32.0,100.0,64.0,87.0,50.0,57.0,28.0,29.0,24.0,0.0,63.0,5.0,100.0,15.0,-1.0
408,0.0,83.0,26.0,100.0,53.0,84.0,42.0,50.0,16.0,24.0,27.0,5.0,66.0,0.0,100.0,7.0,-1.0
409,43.0,62.0,33.0,100.0,79.0,92.0,74.0,47.0,39.0,14.0,0.0,0.0,49.0,10.0,100.0,8.0,-1.0
410,44.0,64.0,60.0,100.0,97.0,83.0,77.0,43.0,39.0,11.0,0.0,13.0,51.0,23.0,100.0,0.0,-1.0
411,23.0,66.0,31.0,100.0,61.0,84.0,48.0,46.0,20.0,13.0,0.0,0.0,50.0,2.0,100.0,2.0,-1.0
412,53.0,90.0,95.0,100.0,100.0,74.0,74.0,49.0,40.0,28.0,0.0,10.0,26.0,0.0,78.0,4.0,-1.0
413,0.0,66.0,23.0,100.0,53.0,83.0,41.0,43.0,14.0,10.0,13.0,0.0,56.0,9.0,100.0,12.0,-1.0
414,48.0,81.0,5.0,96.0,53.0,100.0,55.0,68.0,24.0,38.0,0.0,7.0,48.0,0.0,100.0,2.0,-1.0
415,0.0,63.0,23.0,100.0,56.0,78.0,48.0,34.0,19.0,0.0,11.0,13.0,55.0,23.0,100.0,11.0,-1.0
416,27.0,99.0,50.0,100.0,40.0,57.0,19.0,21.0,0.0,14.0,33.0,15.0,65.0,0.0,100.0,12.0,-1.0
417,43.0,92.0,70.0,100.0,68.0,66.0,39.0,37.0,0.0,18.0,17.0,34.0,56.0,13.0,100.0,0.0,-1.0
418,46.0,73.0,64.0,100.0,100.0,89.0,80.0,57.0,48.0,26.0,0.0,0.0,14.0,14.0,92.0,11.0,-1.0
419,3.0,68.0,21.0,100.0,52.0,87.0,32.0,51.0,0.0,22.0,15.0,4.0,61.0,0.0,100.0,14.0,-1.0
420,20.0,76.0,39.0,100.0,56.0,79.0,32.0,46.0,0.0,22.0,21.0,18.0,59.0,1.0,100.0,0.0,-1.0
421,41.0,75.0,46.0,100.0,87.0,86.0,70.0,53.0,38.0,25.0,0.0,19.0,53.0,18.0,100.0,0.0,-1.0
422,6.0,76.0,33.0,100.0,73.0,75.0,52.0,39.0,6.0,16.0,0.0,31.0,52.0,17.0,100.0,0.0,-1.0
423,0.0,79.0,19.0,100.0,60.0,93.0,59.0,64.0,41.0,38.0,19.0,12.0,54.0,1.0,100.0,0.0,-1.0
424,11.0,74.0,22.0,100.0,93.0,98.0,91.0,69.0,49.0,41.0,0.0,17.0,25.0,0.0,100.0,6.0,-1.0
425,39.0,76.0,61.0,100.0,57.0,57.0,33.0,21.0,0.0,1.0,27.0,16.0,64.0,11.0,100.0,0.0,-1.0
426,0.0,71.0,26.0,100.0,47.0,69.0,31.0,31.0,1.0,0.0,0.0,7.0,50.0,7.0,100.0,5.0,-1.0
427,20.0,70.0,29.0,100.0,63.0,82.0,53.0,46.0,29.0,14.0,0.0,0.0,50.0,3.0,100.0,4.0,-1.0
428,61.0,77.0,78.0,100.0,94.0,76.0,77.0,43.0,47.0,15.0,0.0,1.0,47.0,0.0,100.0,4.0,-1.0
429,0.0,95.0,30.0,100.0,55.0,80.0,34.0,52.0,6.0,27.0,21.0,5.0,67.0,0.0,100.0,3.0,-1.0
430,44.0,65.0,64.0,100.0,100.0,88.0,80.0,49.0,45.0,17.0,0.0,0.0,29.0,11.0,79.0,1.0,-1.0
431,11.0,72.0,39.0,100.0,62.0,77.0,50.0,42.0,24.0,12.0,0.0,0.0,50.0,3.0,100.0,3.0,-1.0
432,53.0,81.0,86.0,100.0,98.0,69.0,83.0,37.0,52.0,9.0,0.0,3.0,47.0,0.0,100.0,2.0,-1.0
433,38.0,85.0,60.0,100.0,58.0,72.0,33.0,45.0,0.0,24.0,15.0,10.0,58.0,0.0,100.0,10.0,-1.0
434,13.0,74.0,40.0,100.0,70.0,77.0,46.0,42.0,9.0,15.0,0.0,3.0,50.0,1.0,100.0,0.0,-1.0
435,16.0,68.0,31.0,100.0,76.0,82.0,70.0,40.0,28.0,13.0,0.0,4.0,55.0,3.0,100.0,0.0,-1.0
436,12.0,54.0,30.0,100.0,62.0,87.0,43.0,39.0,3.0,7.0,0.0,1.0,50.0,0.0,100.0,4.0,-1.0
437,23.0,63.0,42.0,100.0,63.0,65.0,39.0,22.0,0.0,0.0,13.0,20.0,56.0,18.0,100.0,21.0,-1.0
438,17.0,78.0,53.0,100.0,68.0,73.0,37.0,41.0,0.0,14.0,25.0,25.0,62.0,0.0,100.0,15.0,-1.0
439,7.0,58.0,31.0,100.0,59.0,71.0,41.0,22.0,0.0,0.0,7.0,22.0,54.0,12.0,100.0,0.0,-1.0
440,42.0,83.0,54.0,100.0,50.0,64.0,28.0,33.0,0.0,13.0,34.0,0.0,70.0,1.0,100.0,23.0,-1.0
441,13.0,68.0,27.0,100.0,56.0,86.0,34.0,44.0,0.0,9.0,0.0,0.0,50.0,0.0,100.0,8.0,-1.0
442,29.0,71.0,45.0,100.0,83.0,78.0,68.0,38.0,33.0,7.0,0.0,9.0,52.0,20.0,100.0,0.0,-1.0
443,34.0,74.0,75.0,100.0,100.0,69.0,76.0,27.0,34.0,0.0,0.0,10.0,49.0,15.0,100.0,5.0,-1.0
444,23.0,70.0,51.0,100.0,74.0,82.0,51.0,46.0,20.0,15.0,0.0,4.0,50.0,0.0,100.0,2.0,-1.0
445,0.0,88.0,34.0,99.0,70.0,100.0,68.0,71.0,46.0,43.0,33.0,11.0,64.0,0.0,100.0,5.0,-1.0
446,36.0,69.0,56.0,100.0,79.0,82.0,60.0,47.0,29.0,17.0,0.0,0.0,50.0,4.0,100.0,12.0,-1.0
447,5.0,75.0,38.0,100.0,58.0,76.0,35.0,41.0,4.0,11.0,0.0,0.0,49.0,7.0,100.0,3.0,-1.0
448,32.0,65.0,44.0,100.0,89.0,80.0,81.0,39.0,46.0,5.0,0.0,1.0,48.0,24.0,100.0,0.0,-1.0
449,0.0,85.0,32.0,100.0,76.0,91.0,70.0,65.0,38.0,43.0,11.0,20.0,50.0,6.0,100.0,0.0,-1.0
450,8.0,68.0,25.0,100.0,56.0,74.0,37.0,35.0,0.0,6.0,2.0,4.0,51.0,0.0,100.0,4.0,-1.0
451,18.0,74.0,49.0,100.0,53.0,67.0,31.0,31.0,0.0,0.0,13.0,11.0,59.0,2.0,100.0,8.0,-1.0
452,54.0,73.0,78.0,100.0,90.0,67.0,67.0,31.0,29.0,3.0,0.0,8.0,49.0,10.0,100.0,0.0,-1.0
453,0.0,93.0,43.0,100.0,93.0,90.0,89.0,63.0,60.0,39.0,28.0,17.0,44.0,0.0,100.0,4.0,-1.0
454,26.0,95.0,58.0,100.0,73.0,74.0,55.0,47.0,27.0,23.0,0.0,0.0,49.0,2.0,100.0,2.0,-1.0
455,16.0,65.0,29.0,100.0,59.0,83.0,38.0,41.0,0.0,12.0,8.0,16.0,55.0,0.0,100.0,7.0,-1.0
456,32.0,73.0,59.0,100.0,81.0,71.0,54.0,36.0,16.0,9.0,0.0,2.0,50.0,2.0,100.0,0.0,-1.0
457,0.0,89.0,52.0,100.0,94.0,89.0,77.0,63.0,49.0,40.0,19.0,17.0,40.0,0.0,100.0,3.0,-1.0
458,13.0,83.0,42.0,100.0,59.0,67.0,35.0,34.0,0.0,27.0,30.0,32.0,65.0,11.0,100.0,0.0,-1.0
459,13.0,65.0,39.0,100.0,72.0,82.0,49.0,44.0,11.0,15.0,0.0,0.0,50.0,4.0,100.0,6.0,-1.0
460,1.0,55.0,7.0,100.0,30.0,92.0,20.0,45.0,0.0,4.0,23.0,0.0,61.0,10.0,100.0,12.0,-1.0
461,0.0,81.0,30.0,100.0,78.0,93.0,62.0,65.0,28.0,42.0,7.0,14.0,48.0,1.0,100.0,0.0,-1.0
462,20.0,69.0,35.0,100.0,68.0,82.0,59.0,44.0,30.0,12.0,0.0,0.0,50.0,6.0,100.0,6.0,-1.0
463,0.0,87.0,23.0,100.0,44.0,80.0,36.0,52.0,23.0,25.0,25.0,0.0,63.0,0.0,100.0,4.0,-1.0
464,0.0,68.0,26.0,100.0,69.0,94.0,62.0,52.0,31.0,19.0,18.0,18.0,60.0,0.0,100.0,8.0,-1.0
465,19.0,74.0,47.0,100.0,81.0,83.0,57.0,51.0,18.0,26.0,0.0,9.0,54.0,6.0,100.0,0.0,-1.0
466,36.0,79.0,20.0,100.0,67.0,81.0,53.0,43.0,0.0,20.0,8.0,25.0,59.0,0.0,100.0,17.0,-1.0
467,24.0,75.0,60.0,100.0,74.0,63.0,45.0,25.0,2.0,0.0,0.0,15.0,51.0,19.0,100.0,8.0,-1.0
468,33.0,80.0,67.0,100.0,100.0,76.0,80.0,38.0,42.0,12.0,0.0,6.0,42.0,19.0,87.0,0.0,-1.0
469,47.0,68.0,59.0,100.0,100.0,94.0,81.0,56.0,47.0,23.0,0.0,3.0,45.0,9.0,99.0,0.0,-1.0
470,6.0,74.0,37.0,100.0,66.0,91.0,54.0,53.0,27.0,21.0,0.0,0.0,53.0,0.0,100.0,3.0,-1.0
471,0.0,75.0,24.0,100.0,50.0,84.0,41.0,44.0,19.0,14.0,35.0,0.0,67.0,0.0,100.0,0.0,-1.0
472,49.0,76.0,63.0,100.0,67.0,77.0,34.0,53.0,0.0,29.0,8.0,13.0,53.0,1.0,100.0,0.0,-1.0
473,0.0,74.0,14.0,100.0,53.0,98.0,43.0,65.0,18.0,38.0,20.0,8.0,59.0,0.0,100.0,6.0,-1.0
474,26.0,71.0,52.0,100.0,76.0,76.0,50.0,40.0,12.0,11.0,0.0,0.0,50.0,2.0,100.0,5.0,-1.0
475,19.0,100.0,55.0,99.0,58.0,67.0,30.0,39.0,0.0,15.0,21.0,0.0,60.0,1.0,100.0,0.0,-1.0
476,8.0,62.0,17.0,100.0,61.0,88.0,41.0,44.0,0.0,11.0,8.0,22.0,58.0,0.0,100.0,14.0,-1.0
477,38.0,79.0,69.0,100.0,76.0,60.0,46.0,25.0,3.0,2.0,0.0,3.0,50.0,0.0,100.0,1.0,-1.0
478,45.0,75.0,44.0,100.0,68.0,75.0,40.0,34.0,0.0,8.0,13.0,15.0,57.0,0.0,100.0,12.0,-1.0
479,38.0,67.0,50.0,100.0,73.0,67.0,41.0,26.0,0.0,2.0,9.0,12.0,54.0,1.0,100.0,0.0,-1.0
480,3.0,85.0,38.0,100.0,59.0,78.0,45.0,48.0,22.0,21.0,0.0,0.0,52.0,0.0,100.0,1.0,-1.0
481,22.0,71.0,44.0,100.0,56.0,74.0,32.0,32.0,0.0,0.0,18.0,15.0,59.0,24.0,100.0,38.0,-1.0
482,24.0,70.0,38.0,100.0,79.0,88.0,67.0,50.0,34.0,20.0,0.0,11.0,50.0,6.0,100.0,0.0,-1.0
483,0.0,73.0,26.0,100.0,66.0,97.0,62.0,63.0,37.0,33.0,12.0,6.0,58.0,0.0,100.0,2.0,-1.0
484,43.0,81.0,72.0,100.0,100.0,78.0,77.0,49.0,41.0,25.0,0.0,5.0,39.0,0.0,93.0,2.0,-1.0
485,0.0,80.0,34.0,100.0,60.0,80.0,34.0,53.0,1.0,29.0,0.0,4.0,49.0,0.0,100.0,1.0,-1.0
486,0.0,88.0,31.0,100.0,65.0,90.0,62.0,68.0,45.0,48.0,38.0,26.0,62.0,9.0,100.0,0.0,-1.0
487,37.0,83.0,63.0,100.0,83.0,74.0,62.0,47.0,30.0,24.0,0.0,0.0,50.0,2.0,100.0,4.0,-1.0
488,0.0,73.0,26.0,100.0,56.0,72.0,40.0,31.0,3.0,10.0,19.0,22.0,63.0,13.0,100.0,0.0,-1.0
489,24.0,91.0,67.0,100.0,61.0,65.0,36.0,33.0,0.0,6.0,0.0,13.0,50.0,3.0,100.0,0.0,-1.0
490,0.0,75.0,28.0,100.0,65.0,93.0,43.0,59.0,12.0,29.0,12.0,3.0,56.0,0.0,100.0,3.0,-1.0
491,51.0,78.0,81.0,100.0,86.0,65.0,53.0,31.0,10.0,8.0,0.0,19.0,50.0,10.0,100.0,0.0,-1.0
492,0.0,79.0,28.0,100.0,54.0,90.0,46.0,62.0,28.0,36.0,18.0,9.0,52.0,0.0,100.0,5.0,-1.0
493,8.0,72.0,41.0,100.0,70.0,72.0,47.0,35.0,9.0,7.0,0.0,6.0,50.0,9.0,100.0,0.0,-1.0
494,0.0,70.0,31.0,94.0,99.0,100.0,100.0,73.0,55.0,46.0,8.0,21.0,19.0,0.0,88.0,1.0,-1.0
495,40.0,80.0,63.0,100.0,100.0,91.0,84.0,67.0,52.0,46.0,18.0,28.0,0.0,6.0,47.0,0.0,-1.0
496,28.0,58.0,25.0,97.0,68.0,100.0,69.0,59.0,44.0,22.0,0.0,0.0,47.0,10.0,100.0,1.0,-1.0
497,24.0,88.0,59.0,100.0,100.0,91.0,89.0,64.0,61.0,42.0,28.0,22.0,0.0,0.0,47.0,2.0,-1.0
498,27.0,75.0,64.0,100.0,100.0,99.0,79.0,70.0,45.0,44.0,6.0,20.0,0.0,0.0,64.0,6.0,-1.0
499,23.0,59.0,26.0,100.0,64.0,98.0,58.0,57.0,33.0,20.0,0.0,0.0,50.0,10.0,100.0,5.0,-1.0
500,0.0,42.0,40.0,63.0,78.0,86.0,100.0,100.0,71.0,75.0,43.0,50.0,16.0,24.0,0.0,0.0,1.0
501,0.0,59.0,46.0,83.0,62.0,100.0,57.0,64.0,55.0,27.0,25.0,0.0,36.0,3.0,100.0,1.0,1.0
502,0.0,57.0,15.0,62.0,59.0,80.0,100.0,100.0,100.0,83.0,78.0,55.0,57.0,28.0,37.0,0.0,1.0
503,0.0,63.0,21.0,63.0,63.0,80.0,99.0,100.0,100.0,80.0,99.0,52.0,99.0,24.0,96.0,0.0,1.0
504,0.0,58.0,34.0,75.0,76.0,96.0,100.0,100.0,95.0,75.0,85.0,49.0,76.0,24.0,88.0,0.0,1.0
505,0.0,67.0,44.0,80.0,88.0,100.0,100.0,88.0,88.0,66.0,69.0,44.0,50.0,22.0,50.0,0.0,1.0
506,33.0,65.0,81.0,88.0,100.0,100.0,88.0,70.0,74.0,41.0,52.0,13.0,0.0,0.0,81.0,1.0,1.0
507,0.0,33.0,35.0,52.0,67.0,75.0,97.0,100.0,100.0,90.0,83.0,61.0,68.0,31.0,56.0,0.0,1.0
508,0.0,53.0,36.0,77.0,82.0,99.0,100.0,100.0,73.0,75.0,39.0,50.0,9.0,25.0,3.0,0.0,1.0
509,0.0,53.0,38.0,69.0,77.0,89.0,100.0,100.0,86.0,75.0,73.0,49.0,58.0,24.0,60.0,0.0,1.0
510,0.0,67.0,42.0,81.0,94.0,100.0,100.0,86.0,77.0,64.0,61.0,42.0,45.0,21.0,52.0,0.0,1.0
511,15.0,52.0,29.0,87.0,31.0,100.0,31.0,64.0,29.0,27.0,0.0,1.0,40.0,0.0,100.0,1.0,1.0
512,0.0,53.0,28.0,58.0,64.0,79.0,100.0,100.0,81.0,77.0,58.0,52.0,37.0,26.0,19.0,0.0,1.0
513,100.0,100.0,89.0,91.0,68.0,76.0,53.0,61.0,32.0,46.0,21.0,30.0,11.0,15.0,0.0,0.0,1.0
514,8.0,66.0,26.0,100.0,38.0,89.0,37.0,48.0,28.0,9.0,0.0,0.0,49.0,5.0,100.0,7.0,1.0
515,22.0,72.0,55.0,100.0,54.0,89.0,53.0,50.0,55.0,12.0,0.0,1.0,49.0,0.0,100.0,4.0,1.0
516,0.0,36.0,32.0,57.0,65.0,78.0,100.0,100.0,83.0,77.0,60.0,52.0,40.0,26.0,21.0,0.0,1.0
517,0.0,57.0,24.0,71.0,64.0,94.0,100.0,100.0,92.0,75.0,80.0,50.0,76.0,24.0,84.0,0.0,1.0
518,100.0,93.0,86.0,100.0,70.0,84.0,54.0,67.0,41.0,50.0,27.0,33.0,14.0,17.0,0.0,0.0,1.0
519,0.0,77.0,38.0,89.0,56.0,100.0,46.0,57.0,47.0,15.0,100.0,11.0,45.0,4.0,8.0,0.0,1.0
520,100.0,100.0,62.0,90.0,56.0,75.0,38.0,60.0,25.0,45.0,12.0,30.0,0.0,15.0,0.0,0.0,1.0
521,0.0,5.0,18.0,35.0,47.0,63.0,76.0,88.0,100.0,100.0,79.0,68.0,60.0,35.0,58.0,0.0,1.0
522,19.0,74.0,52.0,85.0,100.0,100.0,95.0,82.0,70.0,60.0,41.0,39.0,14.0,17.0,0.0,0.0,1.0
523,33.0,73.0,66.0,88.0,100.0,100.0,79.0,80.0,58.0,60.0,36.0,41.0,16.0,20.0,0.0,0.0,1.0
524,12.0,57.0,50.0,84.0,83.0,100.0,66.0,58.0,49.0,16.0,0.0,5.0,39.0,5.0,100.0,0.0,1.0
525,0.0,55.0,32.0,91.0,39.0,100.0,36.0,47.0,19.0,0.0,1.0,7.0,50.0,7.0,100.0,8.0,1.0
526,0.0,76.0,32.0,90.0,43.0,100.0,45.0,66.0,43.0,32.0,26.0,0.0,45.0,1.0,100.0,0.0,1.0
527,32.0,74.0,61.0,100.0,59.0,82.0,53.0,36.0,35.0,1.0,0.0,0.0,50.0,3.0,100.0,1.0,1.0
528,23.0,71.0,61.0,100.0,70.0,92.0,52.0,46.0,41.0,0.0,0.0,8.0,50.0,11.0,100.0,14.0,1.0
529,36.0,87.0,81.0,100.0,80.0,74.0,61.0,31.0,44.0,0.0,0.0,10.0,50.0,11.0,100.0,15.0,1.0
530,23.0,72.0,77.0,94.0,77.0,100.0,64.0,63.0,48.0,26.0,0.0,0.0,5.0,6.0,100.0,8.0,1.0
531,41.0,69.0,76.0,100.0,73.0,81.0,57.0,39.0,46.0,0.0,0.0,10.0,50.0,9.0,100.0,10.0,1.0
532,39.0,51.0,76.0,82.0,100.0,100.0,71.0,65.0,44.0,31.0,0.0,1.0,29.0,0.0,97.0,2.0,1.0
533,49.0,73.0,83.0,100.0,76.0,91.0,59.0,57.0,37.0,24.0,0.0,0.0,38.0,7.0,100.0,6.0,1.0
534,44.0,73.0,81.0,100.0,65.0,66.0,54.0,24.0,28.0,0.0,0.0,6.0,50.0,8.0,100.0,9.0,1.0
535,52.0,69.0,82.0,100.0,75.0,76.0,61.0,35.0,47.0,0.0,0.0,8.0,50.0,7.0,100.0,8.0,1.0
536,55.0,61.0,81.0,100.0,68.0,79.0,56.0,33.0,30.0,0.0,0.0,1.0,51.0,2.0,100.0,6.0,1.0
537,0.0,63.0,19.0,73.0,58.0,97.0,65.0,100.0,58.0,73.0,50.0,48.0,54.0,22.0,100.0,0.0,1.0
538,38.0,72.0,59.0,100.0,74.0,99.0,61.0,57.0,48.0,16.0,0.0,3.0,44.0,0.0,100.0,2.0,1.0
539,64.0,67.0,95.0,100.0,83.0,88.0,73.0,48.0,53.0,11.0,0.0,0.0,42.0,0.0,100.0,2.0,1.0
540,58.0,74.0,100.0,100.0,94.0,75.0,85.0,35.0,59.0,2.0,0.0,0.0,29.0,2.0,88.0,3.0,1.0
541,33.0,75.0,69.0,100.0,90.0,94.0,79.0,55.0,55.0,19.0,0.0,0.0,34.0,3.0,100.0,7.0,1.0
542,46.0,67.0,71.0,100.0,60.0,73.0,58.0,33.0,51.0,0.0,0.0,1.0,62.0,3.0,100.0,8.0,1.0
543,39.0,62.0,78.0,88.0,79.0,100.0,57.0,64.0,38.0,30.0,0.0,0.0,34.0,4.0,100.0,0.0,1.0
544,0.0,100.0,0.0,86.0,18.0,72.0,36.0,57.0,55.0,43.0,82.0,28.0,100.0,14.0,73.0,0.0,1.0
545,38.0,58.0,85.0,86.0,85.0,100.0,70.0,60.0,59.0,21.0,0.0,0.0,23.0,3.0,100.0,8.0,1.0
546,22.0,65.0,56.0,100.0,57.0,88.0,49.0,35.0,31.0,0.0,0.0,6.0,52.0,8.0,100.0,12.0,1.0
547,20.0,73.0,58.0,100.0,62.0,87.0,55.0,42.0,41.0,3.0,0.0,0.0,50.0,1.0,100.0,6.0,1.0
548,44.0,75.0,90.0,100.0,83.0,86.0,67.0,46.0,51.0,6.0,0.0,0.0,27.0,3.0,100.0,2.0,1.0
549,0.0,53.0,29.0,81.0,49.0,100.0,44.0,66.0,40.0,31.0,25.0,0.0,54.0,5.0,100.0,6.0,1.0
