,0,1,2,3,4,5,6,7,8,9,10,11,12,13,14,15,16,17,18,19,20,labels
0,-0.49,0.92,-1.58,-0.1,-1.81,2.28,0.41,-0.28,-0.94,1.45,2.14,3.08,4.49,5.6,6.41,2.35,3.73,3.46,-0.34,2.07,-1.53,-1.0
1,1.46,-2.93,0.83,-1.77,-0.24,-1.03,0.52,1.02,1.14,0.5,0.57,3.26,4.26,4.42,6.95,4.66,3.36,2.76,1.21,1.57,-1.16,-1.0
2,-0.91,-0.95,1.63,-1.67,1.75,0.73,1.33,2.86,3.09,3.64,5.38,6.27,5.39,4.32,1.78,1.36,0.55,0.05,0.27,-0.15,1.28,-1.0
3,-0.45,-0.05,1.4,0.4,0.46,-0.6,1.8,0.67,1.62,4.88,6.51,2.99,4.49,3.54,1.6,1.19,-0.62,0.85,1.82,0.59,0.27,-1.0
4,0.46,-0.3,1.35,0.73,-0.34,-0.52,0.4,1.78,3.74,3.39,3.42,2.83,4.06,4.95,5.18,1.82,0.44,1.99,0.55,-0.48,-1.0,-1.0
5,-0.33,0.32,-0.51,-0.85,-0.06,1.3,1.11,5.17,3.89,4.7,5.55,3.68,2.78,1.77,2.8,3.98,-0.73,-0.95,-0.05,-0.14,0.59,-1.0
6,1.02,-0.15,3.22,1.0,0.25,-0.47,-0.18,-0.92,-1.87,1.56,2.34,3.19,4.64,2.74,4.43,4.7,2.97,2.19,0.74,1.73,0.78,-1.0
7,-0.47,0.66,-0.98,0.56,-1.59,0.14,-0.06,3.29,2.36,4.16,3.28,3.82,3.75,4.01,4.09,3.05,0.77,-0.06,2.14,-0.35,2.04,-1.0
8,-0.73,1.43,0.1,-0.22,-1.17,1.96,2.32,1.66,3.46,3.69,5.11,4.93,4.55,1.3,2.6,2.11,-0.17,0.03,1.57,-0.08,0.89,-1.0
9,-1.26,-1.2,-2.01,0.09,-0.72,-0.53,0.69,-0.21,1.23,3.38,3.69,2.61,3.71,2.48,3.02,3.05,1.81,2.08,2.23,1.32,-0.5,-1.0
10,-0.2,-1.18,-0.75,0.8,-0.39,0.65,1.72,3.84,3.68,1.73,6.11,4.81,5.47,3.54,2.34,0.58,0.95,-1.51,0.62,-0.13,0.53,-1.0
11,0.94,-0.43,1.65,-0.22,-0.48,0.66,0.6,2.49,3.22,4.26,3.77,4.89,3.45,2.82,1.99,2.06,2.04,1.31,0.27,1.59,0.07,-1.0
12,-1.34,2.16,-0.75,0.75,-0.17,1.33,1.7,2.47,0.71,1.86,2.92,3.2,3.96,6.5,6.12,4.58,2.55,2.79,2.17,2.34,-0.24,-1.0
13,1.16,-1.72,-1.31,0.82,0.95,2.12,1.39,2.09,4.08,6.42,6.37,4.74,4.32,2.39,1.0,1.91,0.27,-0.16,-1.34,0.97,-0.93,-1.0
14,-0.14,-0.26,-0.67,0.73,-0.13,1.05,1.49,-0.46,-0.33,2.23,1.02,2.91,4.7,4.84,4.21,4.16,2.52,1.41,2.13,2.46,-1.02,-1.0
15,0.55,1.03,0.5,1.19,0.33,0.99,0.54,1.44,2.81,2.96,5.05,3.18,5.15,3.9,5.15,2.49,2.07,3.42,1.39,3.61,0.21,-1.0
16,0.5,-1.82,-1.3,-1.3,0.68,-1.85,1.55,-0.04,1.85,3.88,2.31,3.06,2.61,4.2,3.85,5.19,1.77,1.16,3.02,-0.44,-1.33,-1.0
17,-0.31,2.35,1.51,0.29,1.16,-1.03,-0.3,0.4,1.83,2.32,2.45,2.47,3.8,3.94,5.03,5.51,3.97,2.74,0.91,1.68,-0.53,-1.0
18,1.15,0.71,-0.19,1.07,0.21,2.34,1.97,1.89,3.97,6.25,5.6,5.43,4.89,3.95,1.67,0.95,0.33,0.22,3.61,0.03,-1.03,-1.0
19,-0.3,-1.11,-0.33,-0.02,0.05,0.24,0.69,2.01,2.48,4.99,3.34,3.86,4.89,2.81,1.19,1.64,1.49,-0.28,-0.14,2.08,-0.11,-1.0
20,1.19,1.69,1.24,-0.69,0.2,0.79,0.15,-1.26,0.78,0.54,1.94,3.15,4.85,4.79,4.55,4.55,3.7,2.77,2.97,0.06,-0.21,-1.0
21,0.76,0.01,-0.39,-0.71,1.29,1.65,2.99,2.68,3.52,5.75,7.09,3.59,4.92,3.02,2.56,0.51,1.15,-2.12,0.66,-1.71,0.25,-1.0
22,-0.54,-0.73,-0.54,1.81,-0.72,1.23,-0.24,0.76,-0.57,3.28,4.52,4.93,3.83,3.41,3.75,4.63,3.19,3.33,0.25,1.36,-0.32,-1.0
23,-0.93,-0.23,1.06,-0.22,-1.21,1.75,0.61,0.74,2.32,2.31,6.38,4.65,4.48,3.93,2.61,4.84,0.97,-0.35,-0.24,1.46,0.55,-1.0
24,-0.96,-0.56,-0.2,-1.93,-0.57,-0.77,2.18,0.6,2.99,3.17,3.98,2.96,1.89,4.07,2.85,2.81,2.68,2.63,2.16,0.7,0.25,-1.0
25,0.15,-1.6,0.78,-0.37,0.08,-0.53,-2.67,0.2,1.78,1.37,2.6,4.67,3.95,4.84,5.99,4.34,3.25,2.82,0.89,1.18,1.23,-1.0
26,0.78,-1.19,-1.06,1.04,-0.32,0.41,3.27,2.32,5.18,5.02,7.11,4.29,5.08,1.26,2.22,0.15,0.22,-0.83,0.23,-0.99,-1.26,-1.0
27,-0.33,0.58,-0.3,-1.22,-0.3,-0.19,1.23,2.73,3.17,2.16,5.05,3.81,3.99,4.73,3.41,3.61,2.27,1.15,-0.58,0.45,-0.83,-1.0
28,-0.65,0.85,1.23,-1.9,-0.02,-0.35,2.6,3.22,3.26,5.32,4.96,5.58,4.11,4.25,2.8,2.27,-1.34,0.25,1.89,2.6,-0.94,-1.0
29,-1.68,0.15,-0.93,1.77,-0.59,1.1,2.81,2.13,2.67,2.2,4.6,5.21,5.0,3.06,3.33,4.72,0.57,0.07,0.83,0.27,-0.25,-1.0
30,-1.46,-1.6,-0.65,1.52,-0.87,1.98,1.08,0.99,5.32,4.55,5.11,4.73,4.67,4.9,3.1,2.5,1.0,0.45,0.75,-0.5,-0.87,-1.0
31,-0.0,-0.11,-1.1,-1.84,-0.98,0.75,1.92,1.03,4.46,5.89,4.74,3.76,2.53,2.67,3.1,4.33,2.98,2.61,-0.73,-0.14,-1.03,-1.0
32,0.13,0.6,1.27,0.52,-1.2,-0.53,1.81,1.01,0.55,1.83,5.06,4.39,4.89,3.31,4.14,3.65,-0.78,1.12,0.91,0.91,-0.14,-1.0
33,1.46,1.21,0.39,1.61,-0.17,-0.22,1.1,1.29,1.08,0.58,2.16,3.38,3.9,4.82,4.51,5.24,3.3,4.27,0.27,1.33,-0.87,-1.0
34,0.27,-0.57,-0.4,-1.04,0.06,3.32,3.01,3.53,3.1,4.66,3.71,4.26,4.37,3.24,1.82,2.92,1.01,1.38,-0.86,-0.34,0.94,-1.0
35,0.45,0.03,-0.96,-2.38,0.36,1.7,1.3,1.95,2.47,3.33,4.78,3.37,3.64,3.96,4.01,2.72,1.35,3.37,1.62,-0.12,-1.6,-1.0
36,0.71,0.49,0.9,-0.78,-0.97,0.3,-0.11,0.04,0.82,1.36,3.55,2.64,4.97,4.48,4.13,3.53,2.68,1.21,0.55,1.05,0.54,-1.0
37,-1.23,-1.56,-1.75,-0.28,0.6,2.22,0.85,0.21,-0.2,0.89,1.08,4.2,2.89,7.75,4.59,3.15,5.12,3.32,1.2,0.24,-0.56,-1.0
38,0.91,-1.12,0.57,0.56,-1.52,-0.98,3.59,3.37,2.56,4.2,4.43,4.65,4.13,3.08,3.1,1.29,0.51,-0.2,-0.29,1.4,-1.58,-1.0
39,-0.17,-0.02,2.03,1.1,0.73,0.34,2.43,1.27,0.98,5.69,6.82,4.21,4.97,2.68,4.06,2.36,1.49,0.88,-0.38,3.11,-2.78,-1.0
40,0.91,-0.83,-0.89,0.04,1.21,0.1,0.53,2.23,1.59,4.12,2.99,4.88,5.05,2.25,4.58,2.18,1.66,1.29,0.84,0.35,0.19,-1.0
41,0.55,1.79,0.57,-1.3,-0.07,1.58,1.65,2.04,3.22,5.93,6.08,4.15,3.24,2.72,2.24,2.42,1.84,-0.16,1.14,0.83,0.3,-1.0
42,-0.51,0.37,-0.34,-0.3,-1.47,-1.51,0.19,1.76,-0.68,2.29,2.33,4.11,2.88,2.46,4.47,2.58,3.54,2.02,1.6,-0.62,-0.17,-1.0
43,-0.36,0.81,-0.01,-1.01,1.84,0.8,0.8,1.85,2.89,4.15,3.59,3.16,2.45,3.16,2.65,1.48,3.48,3.04,1.34,0.29,-0.1,-1.0
44,1.66,-0.59,-0.39,-0.08,1.68,0.14,0.65,1.54,1.75,3.41,4.27,5.57,3.49,6.44,3.85,0.48,-0.97,-0.46,1.24,1.72,-0.98,-1.0
45,-0.47,-0.02,0.59,-0.44,0.84,0.37,1.3,0.31,0.87,1.05,3.2,3.79,3.43,5.37,4.64,2.71,2.59,2.92,2.13,1.56,0.58,-1.0
46,-0.71,0.05,0.74,-0.25,0.64,0.08,0.53,3.41,3.71,4.95,5.15,5.04,4.23,4.03,1.04,0.68,0.89,1.42,-0.19,0.02,-1.25,-1.0
47,-0.34,1.08,-0.7,1.13,-0.18,-1.19,-1.01,-0.8,1.56,-1.38,0.67,4.08,3.96,5.7,7.21,3.86,4.56,3.29,1.93,0.87,-0.47,-1.0
48,1.74,-0.78,-0.29,1.35,-0.07,-1.06,0.03,-0.36,0.34,1.28,2.31,2.28,4.59,3.51,4.78,4.15,5.5,2.17,1.41,0.37,1.16,-1.0
49,0.1,-0.55,0.82,0.93,0.14,0.8,2.19,1.62,2.33,4.6,3.79,4.22,4.41,3.95,4.34,2.73,1.52,2.19,1.53,2.6,-0.39,-1.0
50,0.63,0.33,0.63,1.51,0.31,1.65,1.45,3.16,1.82,3.56,5.11,3.35,2.86,4.91,5.08,1.45,3.53,1.88,0.17,-0.52,0.18,-1.0
51,-0.96,1.18,0.81,0.82,-0.09,1.2,0.18,1.71,3.69,3.52,5.04,4.56,2.97,2.43,4.43,3.37,-0.37,0.57,2.92,-1.0,-1.17,-1.0
52,-0.29,-0.79,-1.03,0.18,-0.94,1.28,2.75,2.9,2.75,4.26,4.23,4.4,4.67,2.57,1.17,2.11,-0.4,-1.72,0.6,0.88,0.13,-1.0
53,-1.44,-0.23,-0.45,-0.59,-0.37,0.55,1.76,3.09,3.39,6.76,6.94,3.89,4.08,4.8,4.1,1.81,-0.47,0.76,-2.11,-2.25,-0.48,-1.0
54,0.07,1.57,1.25,0.19,0.94,0.08,2.75,3.86,4.41,4.12,6.17,3.63,4.45,2.51,4.03,1.73,2.13,0.17,-0.33,-0.49,-0.94,-1.0
55,-0.7,0.88,-0.15,-0.01,0.35,2.19,0.83,2.3,2.33,3.54,6.27,6.15,4.67,2.86,3.22,1.66,1.0,-0.43,0.16,0.22,-0.17,-1.0
56,0.18,-0.81,2.51,-0.58,-1.05,1.82,3.76,3.59,4.34,3.34,6.65,5.66,4.3,4.07,1.59,1.98,-1.01,-0.53,0.85,0.11,-0.93,-1.0
57,0.39,-0.25,1.21,0.28,-0.51,0.45,0.23,-0.17,2.05,4.34,2.26,3.87,4.75,4.68,5.15,2.53,1.38,3.05,1.86,1.35,1.1,-1.0
58,0.86,0.94,-1.31,-0.69,0.02,1.61,3.36,2.57,2.86,4.62,5.26,4.72,3.52,2.96,4.23,2.16,0.58,2.17,-0.47,-0.13,-0.26,-1.0
59,-0.64,-0.49,0.41,-2.64,-0.83,-0.6,2.07,-0.14,1.92,1.11,3.63,1.6,2.72,4.11,6.82,4.08,2.71,2.71,1.44,1.76,0.87,-1.0
60,-0.56,0.64,-0.19,0.14,-0.46,0.88,1.66,1.98,1.03,4.77,4.91,5.12,4.58,5.96,5.57,3.13,2.24,1.84,0.32,-1.05,1.36,-1.0
61,1.78,0.25,0.68,0.91,-0.53,-0.38,1.52,1.57,4.59,5.14,5.21,4.9,3.03,3.37,1.22,3.46,1.22,2.42,-1.31,1.48,-0.52,-1.0
62,-2.04,0.31,0.75,-0.7,-0.32,2.04,2.04,2.86,3.91,3.07,4.23,4.93,2.25,2.55,3.82,3.09,3.21,-0.17,-0.06,-0.33,0.94,-1.0
63,0.17,0.55,0.79,-0.87,1.09,0.47,-0.12,1.68,3.62,2.61,4.75,5.98,2.98,3.85,3.9,1.65,2.03,0.1,-0.34,0.03,-1.68,-1.0
64,0.23,0.51,0.06,-0.13,-0.99,0.4,-0.32,0.9,2.4,3.34,4.55,4.19,3.86,5.13,3.08,1.95,3.7,-0.61,-1.3,0.71,0.54,-1.0
65,0.07,-0.98,-0.89,-0.72,0.15,1.45,3.7,1.37,2.84,4.47,5.22,3.96,3.35,3.47,1.68,0.82,0.07,-0.47,1.83,-0.43,-0.68,-1.0
66,-0.68,0.45,-0.7,0.34,-0.54,-0.52,-0.98,-0.27,-0.21,2.29,0.9,3.38,5.16,4.6,5.17,5.56,5.02,3.89,1.73,1.63,0.9,-1.0
67,-2.1,0.67,-0.92,0.73,0.89,-0.6,2.44,3.31,1.93,2.96,4.2,5.22,2.51,4.19,4.35,3.99,0.24,1.6,0.0,1.14,-0.14,-1.0
68,1.02,-0.36,2.07,0.21,-0.39,0.66,1.65,3.79,3.52,4.05,4.16,4.84,4.86,4.01,2.31,1.74,1.24,3.67,0.87,-0.28,0.02,-1.0
69,0.12,0.59,-0.72,0.14,-1.51,0.61,2.73,1.01,2.93,3.9,4.65,5.97,3.36,4.17,2.92,4.7,-0.06,0.75,0.95,-0.14,0.55,-1.0
70,1.39,0.05,-0.24,0.41,0.47,0.1,-1.19,0.93,0.56,1.28,3.93,3.47,2.34,3.48,5.29,1.74,3.87,2.41,0.21,1.61,1.32,-1.0
71,0.31,-2.12,2.79,-1.5,-0.31,-1.12,0.34,1.94,2.0,0.97,4.36,3.93,4.1,3.66,3.93,3.05,2.86,2.41,3.07,0.59,-0.6,-1.0
72,-1.55,0.98,0.36,0.59,0.72,0.93,0.78,2.64,3.18,4.8,5.26,5.21,4.25,3.94,2.84,2.69,0.17,0.99,1.71,0.57,0.8,-1.0
73,0.39,1.11,0.74,-1.41,-0.64,-0.29,-0.47,2.16,-0.43,0.36,0.92,3.11,3.96,5.11,3.23,4.14,1.81,2.25,2.16,-0.85,-1.29,-1.0
74,-0.46,0.03,-0.7,-0.37,-1.21,-1.12,0.65,-0.02,0.11,2.35,1.64,3.6,3.89,5.01,5.61,3.79,3.31,3.12,3.81,-1.57,1.91,-1.0
75,0.49,0.74,0.01,-0.98,0.52,0.28,2.52,1.91,3.01,3.14,4.55,5.45,3.1,3.01,4.07,3.36,2.01,1.9,0.8,0.58,-1.01,-1.0
76,0.84,-1.58,-1.16,-0.65,-1.77,2.08,0.39,1.15,0.72,3.73,2.95,3.43,4.03,4.68,4.38,5.69,1.53,2.17,-0.64,1.29,-0.45,-1.0
77,1.18,1.02,-0.27,-1.52,-0.27,2.53,2.42,3.21,3.96,5.0,5.38,5.92,4.81,4.41,2.87,2.01,1.2,-0.03,0.69,0.21,-0.78,-1.0
78,0.76,-0.67,-0.39,0.54,-0.55,-1.25,0.25,1.31,0.12,0.24,0.66,4.8,4.42,3.86,5.46,4.07,5.21,2.61,2.05,0.62,0.39,-1.0
79,-0.75,-1.6,1.01,1.4,-0.55,1.71,-0.02,2.28,3.3,5.79,7.27,4.55,5.2,3.63,2.8,-0.83,-0.07,0.14,0.91,2.19,1.97,-1.0
80,-0.96,-0.22,-1.2,0.91,-0.38,1.36,1.26,0.41,1.45,2.67,2.49,2.84,3.22,5.5,6.36,4.85,5.64,2.6,2.62,0.64,-1.43,-1.0
81,0.72,-1.23,0.01,-1.14,-1.49,-1.55,3.71,4.11,4.65,5.85,6.1,4.5,3.74,3.05,2.11,1.73,0.48,-0.41,-1.11,-0.66,1.69,-1.0
82,1.31,0.47,0.8,-0.41,-0.47,0.32,0.06,0.0,0.13,2.92,3.41,2.08,4.31,4.06,6.56,4.31,4.52,1.35,2.12,0.16,-0.63,-1.0
83,-0.42,0.45,-0.6,1.53,1.25,1.28,-0.53,-0.05,1.63,2.74,2.11,3.44,6.16,4.55,2.29,6.02,3.78,3.12,4.17,2.14,0.55,-1.0
84,2.23,-0.28,-0.51,-0.46,0.88,1.36,1.36,3.12,3.09,4.13,5.14,4.15,4.34,5.47,2.93,2.58,1.99,1.96,1.31,1.03,1.04,-1.0
85,0.41,-1.89,0.55,-0.03,-0.17,0.51,-2.06,-0.17,1.06,2.11,1.3,3.91,3.07,5.14,6.22,3.74,0.96,1.98,0.68,-0.08,0.92,-1.0
86,-1.73,-1.82,0.79,0.66,-1.15,0.98,1.29,3.38,2.02,3.96,4.68,5.39,2.65,4.16,3.44,1.56,0.76,-0.01,-0.51,2.36,0.03,-1.0
87,0.61,-0.85,-1.41,0.18,0.29,-0.9,0.7,-0.25,-1.52,1.46,1.59,3.18,4.52,4.73,4.71,5.95,3.21,3.45,0.53,0.33,-0.09,-1.0
88,-1.79,-1.3,1.14,-1.02,0.06,1.18,0.24,1.69,-0.47,-1.1,2.04,3.07,2.9,4.21,3.4,4.37,3.79,3.3,1.84,1.69,-0.95,-1.0
89,1.52,-0.87,0.46,0.8,-1.54,1.39,0.1,3.65,1.4,4.31,5.54,3.44,3.72,3.26,4.05,1.21,0.4,0.21,-1.26,-1.79,0.79,-1.0
90,-1.14,-0.23,-1.04,0.03,-0.21,0.58,2.75,1.41,2.04,4.68,4.43,3.52,3.49,4.65,2.59,2.13,0.91,1.62,-0.12,0.38,-0.61,-1.0
91,-2.81,-0.43,1.16,1.68,0.21,-0.49,0.46,0.88,1.05,0.64,3.9,4.34,2.14,4.69,3.23,0.77,0.63,2.42,0.7,1.24,0.11,-1.0
92,-0.28,0.41,1.34,1.15,-0.02,0.11,3.12,3.41,4.46,4.87,5.86,5.02,4.55,1.77,3.17,2.41,1.49,1.47,-0.25,-1.12,-2.04,-1.0
93,0.93,-2.25,-0.81,-1.34,-0.04,0.34,2.28,2.68,4.29,3.34,7.43,4.76,4.08,3.42,2.01,1.71,0.25,2.81,-0.58,1.9,0.25,-1.0
94,0.62,-1.0,-0.32,0.26,-0.39,-0.02,0.03,1.49,0.85,1.71,3.25,4.33,4.33,2.43,5.27,3.68,4.26,2.12,1.11,2.59,-0.94,-1.0
95,0.54,-1.38,0.91,-1.59,-0.89,0.62,1.14,1.54,2.21,1.55,3.58,4.86,4.58,2.4,4.5,3.02,2.4,1.72,0.92,0.84,0.88,-1.0
96,-0.62,0.84,1.23,-0.55,0.09,-0.25,0.48,2.04,1.61,2.62,4.86,2.69,4.86,3.17,3.03,2.4,0.73,2.93,-0.37,0.51,-0.99,-1.0
97,1.42,1.35,-0.14,-1.02,0.66,-1.49,1.65,2.59,4.11,4.11,5.16,3.6,4.51,1.99,1.83,0.49,2.9,-0.9,0.76,-1.72,0.84,-1.0
98,-0.15,-2.35,-2.02,1.3,-1.29,1.2,0.63,0.81,-0.77,3.5,3.69,2.23,1.86,4.9,6.27,5.5,1.46,3.11,1.53,-0.16,-0.32,-1.0
99,-0.27,1.89,-1.32,1.31,-0.08,0.37,0.87,3.23,5.46,6.15,6.44,4.39,2.12,2.57,2.3,1.91,1.27,-1.83,1.16,0.42,-1.49,-1.0
100,0.01,0.61,0.97,1.02,1.23,1.13,2.64,3.56,3.43,5.17,6.69,4.27,4.67,4.54,4.23,1.65,2.36,-2.91,-0.53,0.24,1.14,-1.0
101,-2.33,-0.26,-0.42,-0.02,0.16,-0.24,0.4,1.9,-0.38,3.66,3.14,1.8,3.07,5.2,4.55,3.3,3.15,2.97,2.01,1.05,0.28,-1.0
102,-1.45,1.46,-1.16,1.56,-1.06,-0.92,0.76,1.16,1.27,0.85,2.4,4.38,3.47,3.62,4.83,6.44,3.77,1.83,1.88,0.88,-0.01,-1.0
103,-0.3,1.46,0.33,-1.94,0.35,0.11,0.1,-0.41,0.94,1.71,3.5,0.91,4.67,4.44,6.56,4.93,2.74,2.56,1.03,1.36,-0.5,-1.0
104,-1.09,1.1,-0.32,-1.63,1.75,1.53,0.84,3.19,4.28,4.99,6.25,4.32,2.16,3.5,2.38,1.62,0.48,-0.99,-0.38,-0.24,0.71,-1.0
105,-0.08,0.01,0.99,-1.51,-0.55,0.55,2.66,2.86,5.42,5.75,6.34,5.07,0.38,4.33,1.84,1.2,-0.62,-0.34,-1.51,0.61,-0.55,-1.0
106,0.65,-2.21,0.34,0.17,1.38,-0.15,1.9,2.85,2.89,2.96,5.86,5.19,3.66,4.07,2.51,2.39,0.72,1.47,1.32,1.44,-0.0,-1.0
107,1.44,-0.44,-0.05,0.24,-0.9,1.2,0.67,0.16,1.09,1.75,2.91,3.44,4.42,5.77,5.72,3.72,2.45,0.4,2.1,1.72,1.44,-1.0
108,-0.08,0.61,-0.57,0.05,0.61,1.25,2.2,2.24,2.02,3.16,5.87,2.99,3.07,4.13,3.54,4.18,1.4,0.63,-0.89,2.72,0.48,-1.0
109,0.55,-0.72,0.52,-1.2,0.48,2.16,2.94,2.12,3.7,4.69,6.46,2.94,2.95,3.12,1.94,1.87,0.78,-0.58,-0.04,-0.54,-1.1,-1.0
110,0.92,1.07,0.46,-0.88,-0.55,-0.2,0.14,-0.02,1.75,2.25,2.46,3.68,3.53,3.05,6.19,3.63,3.7,2.94,2.83,0.52,0.71,-1.0
111,0.77,-0.97,0.79,-0.41,0.3,-0.57,1.23,0.24,2.28,0.77,3.45,3.2,4.29,4.89,5.33,3.21,3.01,2.57,-0.61,0.66,-0.1,-1.0
112,-2.52,0.11,0.38,1.98,-0.66,1.06,0.32,1.93,3.23,2.51,3.89,4.52,2.85,3.91,3.25,3.14,2.75,3.13,1.89,2.45,0.96,-1.0
113,-0.38,-0.61,0.51,0.85,-1.1,1.02,-0.32,0.79,2.94,1.72,2.02,3.54,3.43,3.84,5.55,3.45,3.75,1.75,1.76,0.73,0.69,-1.0
114,1.59,0.48,-0.28,-0.05,0.27,-0.22,2.31,2.11,3.73,4.17,6.32,4.05,2.65,1.72,3.5,1.89,1.81,-0.18,-1.03,0.41,-0.67,-1.0
115,-0.32,1.58,-0.91,2.38,0.5,0.67,-0.46,0.45,1.25,2.76,1.26,5.33,3.2,2.99,3.32,2.96,1.11,1.7,1.1,1.04,-0.36,-1.0
116,-0.22,1.53,1.0,1.52,-1.14,1.64,1.33,0.56,4.07,5.38,7.17,5.78,3.31,3.79,1.52,2.35,-1.28,0.92,-0.08,-0.32,-0.12,-1.0
117,-1.54,1.13,-1.42,-0.37,0.15,0.35,1.17,1.27,0.37,0.96,4.83,3.12,3.96,5.06,6.72,3.63,2.22,1.93,2.13,-0.16,-0.34,-1.0
118,0.65,1.01,-1.88,1.78,1.06,1.75,1.47,1.52,2.94,4.56,4.98,3.14,3.95,3.17,3.26,1.34,0.47,0.46,0.99,1.75,-0.75,-1.0
119,1.45,-0.51,-0.07,0.27,-1.81,-0.17,0.81,-0.59,-0.24,1.77,1.86,3.65,2.57,4.54,7.21,5.97,4.03,3.13,0.97,0.39,-0.56,-1.0
120,-1.8,0.76,-1.21,1.21,0.85,-0.43,0.65,2.94,4.78,4.45,7.09,3.36,3.08,2.61,2.33,2.05,-0.46,0.34,-2.02,1.67,0.77,-1.0
121,0.74,0.22,-1.22,0.53,0.99,1.46,3.03,2.42,3.59,6.1,5.94,4.1,3.84,2.98,0.99,0.88,1.37,0.97,0.07,-0.88,0.66,-1.0
122,0.34,-2.33,1.46,-0.32,2.1,-0.77,0.23,-0.01,0.19,1.1,0.75,3.92,3.96,2.57,4.8,3.28,3.56,1.96,1.49,1.22,-0.6,-1.0
123,-0.55,1.48,-0.07,0.66,0.14,0.52,1.01,-0.89,2.34,3.07,4.19,2.42,3.79,3.44,2.75,2.23,2.48,0.59,0.62,2.45,-0.14,-1.0
124,-1.72,-1.13,-1.14,-0.24,-0.51,0.63,0.22,0.03,-2.17,1.2,2.58,4.21,2.25,4.48,5.33,5.42,4.71,2.43,1.9,-0.01,0.74,-1.0
125,1.26,0.08,-0.92,1.0,-0.26,0.28,0.72,0.61,2.14,4.11,3.49,4.49,5.81,6.19,4.98,2.75,2.61,1.21,0.2,0.9,0.85,-1.0
126,-0.8,2.11,0.79,1.22,0.01,1.21,2.55,2.51,2.75,2.98,3.03,4.21,3.73,4.11,3.5,3.31,1.25,-0.73,0.09,0.19,-0.5,-1.0
127,1.55,-0.73,-0.26,-0.53,-0.09,1.18,1.14,2.42,3.22,2.73,4.31,3.56,2.78,3.44,3.63,2.55,2.64,0.02,0.68,-0.99,0.33,-1.0
128,-0.81,-0.13,-0.99,2.2,0.11,0.12,0.24,1.11,1.15,2.35,3.4,5.65,2.87,4.08,3.07,4.49,1.71,1.75,0.91,0.45,1.65,-1.0
129,0.61,-0.1,-0.53,-0.81,-1.1,2.35,-0.56,1.21,2.36,4.29,3.86,5.06,4.48,3.87,4.86,1.78,1.09,1.02,1.34,1.1,-0.79,-1.0
130,1.87,-0.24,0.01,0.15,-0.21,0.66,0.48,3.44,4.38,6.04,5.57,3.59,4.83,2.11,1.34,1.96,1.55,0.83,1.55,0.37,0.21,-1.0
131,-0.36,-0.84,-1.47,-0.21,-0.86,0.64,0.4,2.54,3.74,4.36,5.15,4.17,4.22,3.67,3.6,0.67,2.51,0.15,-1.61,1.22,0.12,-1.0
132,-1.32,-0.67,0.48,1.25,-1.18,-0.15,0.98,1.41,1.64,2.8,3.09,3.48,2.37,4.39,5.13,3.87,2.91,1.67,1.88,1.46,-0.37,-1.0
133,-0.12,-0.27,-1.19,1.33,1.33,1.35,0.3,1.57,1.82,3.19,2.4,5.3,4.3,2.83,4.48,4.79,2.62,2.53,0.88,0.93,-0.65,-1.0
134,-0.0,-1.03,-0.12,-0.06,-1.34,1.71,2.38,2.49,3.11,3.31,6.22,4.43,3.35,4.4,2.89,1.88,1.7,0.06,-0.81,-0.16,-1.1,-1.0
135,-0.36,0.06,-0.99,0.55,-1.3,1.5,1.49,0.6,0.85,3.06,2.75,2.1,4.05,2.92,5.02,4.31,3.51,2.61,1.06,1.4,-0.77,-1.0
136,1.19,-0.64,1.03,-3.84,-0.32,0.55,0.75,3.76,3.23,3.72,4.78,6.18,2.06,3.16,3.66,2.71,1.02,1.26,0.36,0.49,-1.27,-1.0
137,-0.03,0.79,0.89,0.18,-0.36,0.16,1.34,1.27,0.67,3.16,1.71,2.74,4.14,4.75,4.77,1.92,2.52,4.07,1.65,1.01,-0.66,-1.0
138,0.06,1.53,-0.5,2.11,-1.11,1.06,0.98,1.59,2.02,4.95,4.44,2.88,5.51,4.93,4.13,0.89,1.14,1.62,0.07,1.1,-0.25,-1.0
139,0.05,0.61,0.36,0.64,-0.09,0.49,-1.17,0.53,-0.44,1.14,1.98,3.03,3.14,4.69,7.32,6.35,5.53,1.59,1.61,0.57,-0.62,-1.0
140,1.85,-0.76,0.14,-0.17,2.01,1.6,1.67,3.97,3.2,5.23,6.33,2.86,5.68,3.85,2.37,1.99,0.66,-0.14,-0.73,-0.81,-0.49,-1.0
141,0.31,1.63,0.39,-0.18,-0.36,-0.26,0.04,1.35,1.86,0.86,2.27,5.36,4.27,4.14,4.67,2.84,1.83,1.33,2.34,-0.42,1.51,-1.0
142,0.07,-0.13,-0.67,-0.48,0.7,-0.13,0.34,0.47,-1.18,2.3,2.68,2.19,4.01,3.7,5.38,3.14,2.57,5.24,1.31,-1.35,0.82,-1.0
143,0.31,0.66,2.88,0.33,1.47,0.66,0.41,2.68,4.57,6.77,5.97,4.51,4.16,1.94,1.97,2.03,0.26,0.62,-0.61,-1.45,0.42,-1.0
144,1.04,0.8,0.15,0.11,-0.42,0.11,0.57,3.2,2.99,3.19,5.38,4.69,3.38,2.55,1.74,2.81,2.27,1.38,3.22,0.25,-0.97,-1.0
145,0.14,0.95,-0.01,-1.69,0.15,2.65,2.07,2.63,4.3,5.16,6.15,3.4,4.47,2.48,1.41,0.59,2.35,1.72,1.6,-0.79,-0.64,-1.0
146,0.13,1.05,-1.57,-1.2,0.6,-0.79,0.63,0.46,2.03,2.83,2.01,3.84,3.14,3.55,4.5,4.31,1.54,1.59,4.07,0.09,0.09,-1.0
147,0.82,-1.2,-0.98,-0.43,1.2,1.22,0.16,-0.75,1.42,2.64,1.99,4.16,2.78,5.55,5.06,3.64,3.71,-0.57,2.05,1.16,-1.21,-1.0
148,1.23,0.49,0.72,-0.38,-0.39,-0.8,0.63,2.59,1.37,3.33,4.24,4.91,4.22,3.47,7.16,4.54,2.52,1.92,3.32,0.24,-0.36,-1.0
149,-0.47,0.64,0.99,0.89,-3.0,1.55,1.03,-0.44,0.2,2.12,2.94,2.71,5.57,5.2,4.64,4.18,3.22,1.49,2.81,0.66,0.49,-1.0
150,2.09,1.51,0.96,-0.66,-0.7,0.06,1.6,-1.2,1.65,1.64,2.65,4.34,4.3,4.42,5.65,4.97,3.32,1.59,3.08,0.45,-1.57,-1.0
151,-0.52,-0.27,0.04,0.91,-0.04,-1.33,1.6,2.34,0.82,2.57,3.39,1.69,5.08,3.87,5.38,6.0,1.06,1.28,0.93,1.78,0.67,-1.0
152,-1.03,-0.21,0.71,2.15,-0.89,1.64,3.22,1.87,3.33,4.96,3.93,3.32,1.53,5.04,2.44,4.17,1.4,1.72,-1.0,2.37,0.04,-1.0
153,-1.8,0.6,-0.77,0.34,0.61,1.51,1.52,-0.46,1.18,2.12,2.12,3.91,4.61,4.97,5.74,3.45,1.64,2.85,2.9,1.17,-0.78,-1.0
154,0.38,0.55,0.08,-0.6,-0.68,1.38,0.27,0.61,-0.02,1.95,1.42,3.99,4.44,6.56,2.93,4.24,2.33,2.38,1.53,-0.13,0.95,-1.0
155,-0.07,-0.64,1.03,-0.07,0.2,0.87,-0.33,1.87,-0.88,2.11,2.31,2.94,1.34,3.98,5.9,4.04,1.95,2.7,1.6,0.97,-0.35,-1.0
156,-0.83,-0.58,0.0,1.41,-2.4,0.05,2.21,1.96,0.96,4.03,5.02,3.73,4.34,4.37,1.28,3.97,3.57,0.61,1.76,0.27,-0.42,-1.0
157,0.71,-0.85,-0.62,1.41,-1.15,-2.48,1.49,-0.51,0.15,2.16,2.79,1.69,6.05,4.44,5.76,3.84,2.82,2.47,0.91,0.63,-0.04,-1.0
158,0.42,0.4,0.07,-1.03,-0.16,1.97,0.28,0.92,0.96,-0.55,1.01,3.71,4.91,4.15,4.98,3.62,4.9,2.25,3.41,2.35,-1.34,-1.0
159,1.11,-0.59,0.5,1.34,1.29,0.83,1.14,3.54,2.48,1.57,2.38,4.35,6.75,2.72,3.15,2.25,2.77,3.31,0.73,0.01,0.07,-1.0
160,0.54,-0.17,-0.46,-0.19,0.12,-0.61,1.87,2.85,2.34,4.39,5.62,3.97,4.34,1.56,2.16,2.97,0.05,1.79,1.33,-0.16,-0.58,-1.0
161,-0.06,-0.02,-0.45,-1.2,-0.38,0.56,0.43,2.72,1.64,2.46,3.5,3.5,3.98,5.54,4.01,1.48,2.9,1.41,0.89,-0.24,-0.13,-1.0
162,1.35,-0.29,0.2,-0.65,-1.13,2.36,2.32,0.38,2.04,0.98,4.05,3.94,4.11,3.59,5.9,3.17,2.88,2.78,1.36,0.22,0.78,-1.0
163,-0.99,-0.48,0.99,-0.38,0.25,-0.07,3.08,2.28,2.7,5.66,5.4,5.19,2.96,4.58,2.87,2.07,0.84,1.24,1.87,0.21,1.25,-1.0
164,0.12,-0.14,-1.2,0.16,-0.95,2.06,3.13,2.29,2.45,4.63,7.5,5.76,4.96,3.58,3.45,1.19,-0.19,-0.46,0.4,-0.06,2.92,-1.0
165,-0.86,0.73,0.89,-1.59,-1.45,1.42,2.07,2.61,3.57,2.31,4.74,4.73,5.69,2.52,3.21,-1.26,0.05,-0.08,-0.27,1.29,-0.22,-1.0
166,-1.02,-0.36,0.15,1.34,0.05,0.58,1.68,3.63,2.71,3.67,7.17,4.16,4.05,3.2,1.81,2.14,0.02,-0.54,-0.22,-0.02,-3.46,-1.0
167,-0.23,-0.61,1.0,0.14,-1.56,1.55,2.34,3.92,5.61,4.71,6.14,4.36,1.95,4.85,1.95,0.68,-0.64,-0.69,-0.27,-0.74,0.56,-1.0
168,-0.33,0.94,-1.13,-1.42,-0.27,0.24,0.63,0.79,3.9,4.19,5.4,5.65,4.92,4.62,4.44,2.88,1.96,0.04,-0.04,0.47,0.21,-1.0
169,0.7,-0.91,-1.28,1.58,0.13,1.54,2.56,2.57,2.55,5.28,3.66,3.98,3.85,4.82,3.86,0.98,3.93,-0.16,0.78,-1.31,0.28,-1.0
170,-1.18,-0.48,0.32,1.32,1.61,0.89,-0.26,1.64,2.05,2.85,2.65,4.07,5.12,3.71,5.37,4.37,3.99,0.59,2.24,-0.1,0.29,-1.0
171,-1.76,-0.71,0.13,0.05,0.77,-0.25,-0.05,-0.24,1.15,0.86,2.95,3.83,3.27,4.9,5.88,3.66,3.85,3.12,3.07,1.57,1.21,-1.0
172,0.61,-0.51,-0.84,-0.53,0.94,-0.12,0.08,2.13,1.54,2.03,3.02,4.15,3.97,2.95,5.42,3.29,3.9,0.81,0.58,0.23,-0.07,-1.0
173,0.73,-1.43,1.97,-0.14,-1.68,-1.87,3.2,2.04,3.89,5.53,5.41,4.17,3.4,3.39,0.55,1.25,0.46,-1.13,0.89,0.27,0.75,-1.0
174,0.51,-0.13,-0.71,-0.39,0.17,1.27,0.02,2.83,3.39,3.13,3.72,3.61,4.63,2.79,4.46,1.44,1.78,1.98,2.02,-1.42,-0.57,-1.0
175,0.47,0.14,0.4,0.27,-0.41,0.47,0.93,-2.95,-0.33,-0.31,2.39,3.91,5.28,4.74,7.19,5.61,4.32,2.75,2.31,0.21,-0.47,-1.0
176,-2.31,-1.15,-0.86,1.4,-0.49,0.53,0.74,2.77,2.09,3.53,5.29,1.95,3.69,2.63,3.73,2.68,1.54,1.03,-0.22,-2.08,-0.38,-1.0
177,0.08,-0.67,0.18,0.39,-0.74,-0.49,4.22,3.75,2.6,3.59,5.84,2.52,3.82,1.08,4.07,1.26,1.51,0.58,-0.12,0.52,-1.99,-1.0
178,-0.84,-1.49,1.01,-2.73,-0.32,-0.83,2.95,0.36,3.45,3.35,2.46,3.3,4.35,2.37,2.89,0.71,1.59,3.24,0.06,1.0,1.11,-1.0
179,-0.1,-0.07,-0.21,1.73,-0.68,-1.09,1.25,1.13,-1.66,2.26,2.61,3.3,3.36,5.06,5.91,6.05,1.19,0.42,3.33,2.3,-0.51,-1.0
180,1.77,1.21,-0.81,1.49,1.4,0.3,0.77,1.07,-0.3,4.06,2.36,4.13,3.75,3.68,6.34,2.71,2.57,2.63,-0.62,1.11,1.02,-1.0
181,0.41,-0.37,1.47,-0.43,-2.03,1.65,0.28,2.67,0.89,2.35,5.06,3.74,3.56,5.56,5.96,2.9,2.91,0.84,1.21,1.3,-0.18,-1.0
182,-1.1,0.48,1.25,0.36,-0.95,-0.75,0.61,3.21,2.79,1.94,3.89,2.91,4.18,3.14,2.12,2.91,1.9,0.15,1.26,-0.06,-1.52,-1.0
183,0.45,-1.79,0.12,-0.6,-0.79,1.19,3.23,1.62,5.43,5.53,7.14,3.6,4.72,4.39,2.33,1.25,0.34,-0.55,-0.68,0.63,2.17,-1.0
184,0.6,-0.3,0.92,0.73,-1.31,1.01,0.56,2.24,2.8,4.24,4.4,3.65,4.23,3.47,2.8,2.27,0.6,0.49,1.84,0.32,-0.08,-1.0
185,-0.29,0.3,-0.47,0.02,0.17,1.86,1.87,3.48,4.02,4.54,5.59,4.83,3.74,1.33,1.46,1.4,1.67,1.96,0.03,0.48,0.83,-1.0
186,0.05,-0.46,2.11,1.94,-0.49,1.38,-0.39,-0.47,1.32,2.53,2.85,3.2,2.53,5.19,6.11,4.67,3.35,3.21,2.63,1.19,0.77,-1.0
187,1.16,-1.19,-2.26,0.63,0.32,1.51,2.11,2.58,1.03,2.01,4.04,4.55,5.65,2.74,3.12,2.67,2.01,4.12,-0.81,0.07,-0.96,-1.0
188,0.6,-0.3,-2.65,-0.49,0.18,-1.13,0.22,1.48,3.13,1.9,2.91,3.86,4.04,3.76,3.69,2.7,0.46,2.11,-0.45,1.73,-0.61,-1.0
189,1.8,0.2,0.28,-0.91,-1.29,0.85,1.72,-1.21,0.43,2.64,2.22,3.29,3.83,4.68,5.24,5.8,3.97,1.22,-0.57,0.34,1.21,-1.0
190,0.55,-0.79,0.62,-0.34,-0.89,-0.47,0.76,2.69,3.58,3.18,3.57,3.95,3.03,5.44,3.49,2.55,1.3,1.91,1.3,1.5,1.47,-1.0
191,0.75,1.19,-0.17,0.54,0.72,-0.27,2.71,2.63,1.72,1.89,3.95,5.94,3.98,2.85,1.94,1.46,0.36,-0.16,0.13,1.73,0.34,-1.0
192,0.3,-0.61,0.62,2.22,-1.15,-0.44,-0.78,-0.08,1.82,0.94,1.97,4.43,5.6,4.35,6.82,3.59,3.79,4.4,2.73,0.41,1.24,-1.0
193,1.17,-2.92,1.26,0.01,0.78,0.09,0.93,1.29,0.75,2.74,3.32,3.85,2.28,4.28,4.16,2.87,2.28,0.25,0.1,-0.94,-1.42,-1.0
194,0.32,-0.02,-0.14,1.56,0.76,-0.49,0.21,3.16,4.02,2.65,4.35,4.01,3.09,4.84,3.36,2.34,0.03,2.02,1.16,0.69,-1.72,-1.0
195,-0.63,-0.04,-0.74,-0.59,1.42,2.23,3.03,2.67,3.59,4.05,4.72,4.52,3.06,3.82,2.54,-0.49,0.41,0.72,0.07,-0.19,-0.09,-1.0
196,-0.46,-0.36,-0.94,0.41,-0.38,0.74,1.42,1.03,3.29,1.4,3.02,3.12,5.27,3.11,4.9,2.05,1.58,1.72,0.31,-1.03,-0.15,-1.0
197,-1.44,-0.4,0.6,-0.06,0.91,1.46,2.08,2.23,3.51,3.12,3.35,2.81,4.31,5.28,4.07,1.38,1.64,1.04,0.64,-0.38,-1.98,-1.0
198,0.55,0.08,-0.48,0.2,0.11,1.42,-0.53,0.01,0.09,2.87,5.55,4.87,4.44,5.23,5.22,1.43,3.27,0.85,0.96,-0.6,0.78,-1.0
199,-0.84,-0.31,0.28,-0.17,0.83,-0.59,0.52,0.16,2.69,4.23,3.77,4.01,4.34,4.94,4.06,2.07,0.78,0.95,1.2,0.9,-1.05,-1.0
200,1.31,-1.72,2.44,-0.5,-1.88,0.32,3.32,1.45,2.73,2.5,4.11,4.59,4.85,4.39,3.16,2.23,-1.07,2.12,-0.31,1.37,0.42,-1.0
201,-0.98,0.67,0.09,0.88,0.91,-0.45,0.95,1.47,0.28,1.46,3.51,2.9,3.69,3.52,5.32,3.85,2.7,0.92,2.65,2.34,-1.05,-1.0
202,2.26,0.25,2.39,-0.06,-1.16,1.43,2.43,3.08,5.01,3.53,4.92,5.6,3.67,2.87,1.79,1.57,-0.07,1.9,-0.22,-0.03,-0.43,-1.0
203,-0.39,-0.89,0.06,0.43,0.64,1.28,1.35,0.72,0.54,1.93,1.58,3.98,3.74,3.34,5.3,4.01,2.55,2.54,-0.32,3.0,-1.24,-1.0
204,-1.14,-0.21,0.86,0.18,-0.46,1.62,1.26,0.84,2.0,2.61,4.28,2.87,5.77,3.01,4.49,1.61,1.8,1.1,1.39,1.14,1.56,-1.0
205,1.29,1.38,-0.71,-0.46,1.55,-0.07,2.15,-0.36,1.77,2.23,5.08,5.09,4.48,5.66,4.59,3.09,2.21,1.7,1.68,-0.14,-1.35,-1.0
206,-0.82,-0.56,0.07,-0.32,-0.72,0.56,3.3,3.39,1.99,3.11,4.22,4.27,5.14,1.79,2.72,2.55,1.72,0.07,1.63,-1.23,1.17,-1.0
207,-0.31,-0.1,-1.18,1.56,2.2,0.52,0.72,2.66,1.44,3.41,4.94,3.5,4.85,4.02,4.03,3.6,3.88,1.03,1.06,2.9,0.35,-1.0
208,0.09,-1.2,1.08,0.49,1.09,-1.3,0.77,-0.2,2.14,3.64,1.71,4.51,4.02,3.76,5.11,2.45,2.5,1.7,1.56,1.64,0.42,-1.0
209,-0.12,-1.31,0.57,0.96,-0.48,0.5,0.69,0.84,0.2,1.67,5.25,2.34,3.86,5.25,7.41,4.46,3.27,3.29,1.97,0.38,-0.29,-1.0
210,-0.34,1.37,0.49,-0.61,0.02,1.23,1.42,2.19,3.82,1.55,4.54,3.46,2.9,5.55,3.51,2.69,3.33,1.84,0.64,1.03,-0.78,-1.0
211,-0.34,0.49,-2.24,-0.12,-1.11,0.26,0.63,0.3,-0.56,1.63,2.66,5.39,3.09,4.36,5.77,2.26,3.56,1.09,0.19,-0.01,0.31,-1.0
212,-0.15,0.89,0.75,0.24,-0.23,0.97,-0.79,-0.08,0.9,1.79,2.24,2.99,3.72,5.72,4.78,4.31,1.85,4.2,1.57,0.82,-0.23,-1.0
213,0.66,-0.86,0.48,0.29,-1.02,0.64,1.84,1.74,3.85,2.06,5.77,3.96,3.7,3.07,2.84,3.15,0.91,1.38,0.82,0.26,-1.27,-1.0
214,0.26,-1.84,0.76,-0.72,0.75,0.81,0.95,0.79,1.84,3.63,2.38,4.39,4.45,4.74,2.49,2.29,1.03,0.52,1.0,1.2,-1.25,-1.0
215,-0.18,-0.46,1.14,-1.79,0.2,1.13,1.32,1.9,2.9,3.82,4.87,2.78,4.3,4.32,2.37,2.18,-1.45,1.71,0.3,0.6,0.75,-1.0
216,-0.36,0.91,0.96,1.17,-0.89,2.48,1.83,2.34,4.83,5.14,5.67,6.43,4.86,2.74,2.62,-0.08,1.34,-0.2,-0.22,2.05,-0.03,-1.0
217,0.29,1.47,0.42,0.61,-0.32,1.7,1.74,2.05,3.72,4.67,5.1,5.36,4.46,4.23,1.34,0.81,0.45,0.45,0.67,0.34,-1.92,-1.0
218,0.3,0.67,1.15,0.06,1.19,0.78,0.64,2.27,2.21,4.76,5.67,5.55,4.21,2.19,2.93,-0.32,1.34,-1.58,1.64,-0.53,-1.29,-1.0
219,1.72,1.7,-3.56,-0.63,0.83,0.78,-0.05,1.31,1.88,3.64,3.55,3.31,3.08,4.86,2.8,2.25,3.13,2.11,2.86,0.51,0.21,-1.0
220,1.44,0.98,-1.85,-2.37,0.04,1.23,0.69,2.23,2.34,2.95,3.29,3.57,4.21,5.18,4.45,3.51,3.26,2.32,1.81,-0.54,0.9,-1.0
221,1.66,0.98,0.49,-0.31,2.48,-0.62,3.09,2.62,0.63,2.95,4.32,4.16,5.44,2.87,5.03,3.0,2.82,3.13,0.46,0.28,0.12,-1.0
222,0.23,-0.61,-0.94,0.04,0.75,0.74,2.59,4.63,2.39,3.24,3.9,3.31,4.71,4.36,3.48,2.23,3.29,2.54,0.68,-0.17,-1.34,-1.0
223,-0.93,0.96,1.03,-0.79,1.74,0.05,0.72,0.84,0.8,1.11,3.02,3.26,3.62,4.25,3.67,2.78,3.27,0.79,-0.08,1.73,-2.8,-1.0
224,1.22,1.68,2.0,-0.19,1.03,-0.75,1.49,2.35,4.83,5.21,6.65,5.09,4.22,4.08,2.31,-0.33,-0.01,-0.45,-2.55,0.46,0.23,-1.0
225,-0.47,-1.51,-0.43,-2.11,0.69,3.03,2.24,2.65,4.39,4.56,5.47,4.03,4.92,2.21,3.74,1.13,-0.32,-0.23,1.19,1.12,1.95,-1.0
226,0.4,-0.43,-0.94,-2.08,-1.24,0.97,1.29,1.49,2.85,3.01,6.46,3.9,5.71,2.75,4.38,3.44,2.64,1.14,0.38,0.11,-0.53,-1.0
227,1.11,0.32,-0.14,0.08,0.75,0.07,-1.23,1.5,1.23,3.42,5.44,3.36,2.88,3.27,3.98,4.13,2.35,1.79,0.63,3.53,0.37,-1.0
228,0.91,0.13,-0.01,-0.66,-0.46,0.98,1.74,2.37,3.56,5.37,4.91,5.05,4.23,0.58,3.69,-0.34,-0.74,0.65,0.53,1.13,-0.16,-1.0
229,2.06,2.38,-1.49,-0.5,-1.03,1.72,2.13,1.56,4.33,2.53,5.44,3.61,4.01,2.22,4.22,2.39,2.47,0.8,-0.14,-0.46,-0.33,-1.0
230,0.99,0.19,1.09,-0.76,0.1,1.63,2.0,1.8,2.78,4.05,3.58,4.4,4.43,3.51,3.71,1.77,2.19,0.38,-0.65,-0.07,-0.5,-1.0
231,1.14,2.3,0.87,-0.84,-0.46,4.36,1.1,-0.13,3.68,3.6,4.98,3.36,3.93,4.36,4.39,3.22,0.13,-1.04,0.24,0.22,-0.71,-1.0
232,0.51,-0.79,-2.07,-0.3,-0.86,0.42,0.54,0.6,1.18,2.03,3.29,3.76,3.92,2.99,4.51,3.5,1.79,3.68,1.14,2.31,-1.28,-1.0
233,1.13,-0.26,1.0,0.8,0.42,0.9,1.32,0.08,1.36,1.11,4.2,5.08,4.4,2.33,4.77,5.61,3.41,2.35,2.9,0.11,-0.57,-1.0
234,-0.03,0.26,-0.89,0.14,0.41,1.21,1.6,2.29,2.15,2.81,3.35,2.19,3.47,4.0,4.37,3.83,4.11,1.42,2.13,0.33,-0.34,-1.0
235,0.96,-0.53,-1.0,-0.79,-0.05,2.83,0.6,2.45,4.34,4.43,6.27,3.55,3.98,3.0,2.65,-0.97,-1.77,-2.39,0.99,1.16,-0.38,-1.0
236,1.22,-0.71,-0.44,-1.03,0.77,1.24,0.33,-0.65,1.97,-0.46,2.24,4.89,3.71,4.41,4.89,5.18,4.7,2.76,1.85,1.4,0.9,-1.0
237,-1.42,-0.34,-0.14,0.11,-0.61,1.7,-0.02,3.82,2.02,2.57,6.08,4.52,4.79,4.3,4.0,2.76,1.76,0.16,0.3,1.72,-0.84,-1.0
238,0.76,1.14,-0.18,-1.52,1.31,1.33,-1.13,3.87,3.76,5.35,5.83,4.79,3.72,4.54,1.61,0.85,0.07,0.06,-0.02,-0.17,-1.53,-1.0
239,-1.76,0.07,0.03,0.19,-0.24,-1.48,1.09,3.59,3.89,3.9,4.32,5.25,4.87,3.83,2.12,1.28,0.37,-0.21,0.59,-0.29,1.73,-1.0
240,1.08,-0.68,-1.31,0.12,-0.65,3.19,1.49,3.09,4.32,3.5,5.05,3.58,6.1,2.81,2.27,2.64,0.17,0.54,-0.32,1.38,0.69,-1.0
241,1.72,0.46,1.56,-1.22,-0.69,-0.58,0.41,1.54,1.59,3.64,2.93,3.25,5.08,3.18,3.95,2.89,-0.06,2.73,0.33,1.0,1.58,-1.0
242,0.48,-0.72,-1.34,1.1,-0.4,-0.49,2.35,0.88,3.41,3.35,4.33,2.73,2.0,5.61,2.44,2.8,-0.02,2.85,1.09,0.55,0.24,-1.0
243,1.31,-0.19,-0.12,0.44,-0.84,-1.04,0.38,1.26,3.26,1.13,3.83,2.46,3.74,3.64,4.6,3.88,4.24,3.72,-0.39,0.15,-1.89,-1.0
244,-1.71,0.76,0.37,-1.41,-0.27,0.45,1.16,2.55,0.71,2.49,3.07,4.08,2.8,2.51,4.02,3.73,1.39,2.58,1.6,0.75,-0.36,-1.0
245,0.35,-0.29,-0.21,-2.05,-0.55,1.22,3.09,3.37,4.01,5.72,3.68,3.46,4.15,3.52,0.96,1.32,-0.4,-0.46,2.95,1.3,0.78,-1.0
246,1.23,1.31,1.16,0.07,1.66,0.65,2.01,1.79,2.31,2.91,3.18,4.34,4.07,4.51,3.61,4.02,1.0,2.45,0.09,-0.14,-0.78,-1.0
247,-1.2,-1.5,-0.21,0.63,-1.02,-0.13,3.06,2.88,2.73,3.12,7.77,3.47,3.78,3.4,3.36,1.34,1.98,1.44,-0.01,-0.31,-0.86,-1.0
248,0.19,1.59,1.04,-1.24,-0.76,0.03,-0.82,0.42,0.07,0.64,3.83,2.84,4.72,7.0,3.92,6.5,2.52,3.91,0.27,-1.05,0.12,-1.0
249,0.33,1.76,2.64,1.24,-0.82,0.24,-0.91,-0.47,0.63,1.4,2.62,1.06,4.15,5.21,5.62,3.18,3.55,4.32,1.25,0.07,0.37,-1.0
250,-0.33,0.83,1.14,-0.11,1.78,1.36,1.11,-0.91,3.43,5.03,3.99,5.31,2.85,4.03,4.36,1.16,2.47,0.93,2.18,1.4,0.85,-1.0
251,1.82,-0.28,-0.74,-0.26,-1.04,0.14,2.29,0.42,3.44,3.2,4.97,4.93,3.38,5.59,2.12,1.71,1.72,1.48,0.78,0.2,0.78,-1.0
252,-1.15,-0.41,0.57,-0.18,-0.66,-0.16,2.49,2.63,2.06,3.09,3.08,4.77,3.46,3.14,1.83,1.43,-0.27,0.9,-1.44,-0.56,0.58,-1.0
253,0.29,-0.93,-0.6,-0.93,1.36,2.02,1.26,-1.52,0.67,3.13,3.05,3.29,5.41,3.43,3.88,2.26,3.24,2.36,0.05,2.84,1.11,-1.0
254,-1.17,0.73,-1.44,-0.05,0.28,0.81,1.55,3.74,2.67,4.96,3.84,4.09,3.68,2.34,3.88,0.11,3.33,0.19,1.15,0.8,0.47,-1.0
255,0.57,0.4,-0.6,0.62,-0.02,0.13,3.38,3.97,2.54,5.4,3.91,3.68,5.14,3.99,1.84,2.99,0.92,-1.49,0.88,0.83,-2.22,-1.0
256,0.93,-1.39,1.24,1.24,-2.03,0.56,-0.42,-0.12,1.5,0.61,4.7,3.11,4.0,6.22,7.22,4.76,5.32,0.81,2.03,1.17,-0.75,-1.0
257,0.69,1.02,0.95,-0.56,-0.9,-0.45,1.91,-0.32,2.24,3.21,2.77,5.08,3.27,6.2,4.35,3.62,4.13,3.43,0.52,2.75,0.13,-1.0
258,1.86,1.5,0.42,1.3,0.92,0.68,2.04,3.25,2.89,3.77,3.9,3.16,3.93,3.47,2.92,0.1,1.81,0.61,-0.68,1.46,-0.66,-1.0
259,1.41,-0.87,-0.91,-0.79,-1.22,0.17,0.24,-1.38,0.14,3.33,5.98,4.96,4.86,3.45,4.46,1.84,1.92,0.2,1.24,-1.62,-0.21,-1.0
260,-1.72,-1.85,0.54,-0.78,-2.6,0.08,1.28,1.07,1.44,1.84,1.92,4.76,2.84,4.5,5.22,4.17,3.57,3.75,1.21,-0.46,0.35,-1.0
261,-0.61,-0.84,0.43,0.15,0.06,1.92,1.22,1.0,0.25,2.23,2.14,3.52,5.59,6.92,6.0,4.75,4.18,1.81,1.18,1.6,-0.68,-1.0
262,0.34,1.18,1.05,1.6,0.28,-0.36,0.27,-0.11,2.19,1.24,1.38,4.85,4.66,3.44,4.72,2.55,1.87,2.12,1.71,-0.23,1.08,-1.0
263,0.68,-1.41,0.95,-0.75,0.27,-0.11,1.18,1.96,-0.36,3.4,2.6,1.44,4.24,5.74,5.75,4.89,2.97,2.61,2.45,1.49,0.14,-1.0
264,1.36,1.11,-1.65,-0.73,0.03,-0.78,1.24,0.69,-0.59,2.37,2.13,1.68,5.05,4.88,2.66,3.33,1.32,2.84,0.81,0.52,0.45,-1.0
265,-1.58,0.27,1.8,1.14,0.57,-1.02,0.77,0.48,2.93,1.23,4.56,3.17,3.03,3.67,5.27,3.26,2.28,2.29,2.16,2.25,0.03,-1.0
266,-0.09,-0.31,1.0,1.43,-1.06,-0.94,-0.1,1.32,1.15,2.58,4.57,1.92,3.69,4.82,4.71,2.43,2.34,2.8,-0.32,0.77,-1.03,-1.0
267,0.94,-1.71,0.44,-0.57,-1.38,1.24,2.45,0.9,3.54,4.17,3.74,4.25,3.77,3.19,3.35,1.69,3.27,2.42,0.32,1.38,-0.36,-1.0
268,-2.02,-0.84,-1.2,-0.73,-1.68,-0.24,1.11,4.43,5.19,4.65,3.1,4.84,2.7,2.25,2.22,1.14,0.73,0.05,0.6,0.03,0.03,-1.0
269,-0.05,-0.56,0.65,1.0,-0.54,-0.02,0.31,1.06,0.96,3.0,3.28,3.02,5.49,4.54,7.66,4.09,1.05,2.82,0.94,1.74,1.72,-1.0
270,-2.02,-1.17,-0.41,-0.41,0.03,1.36,1.97,-0.1,1.28,2.89,4.78,2.86,5.63,4.89,3.97,2.43,1.5,2.76,0.13,0.05,-1.24,-1.0
271,-1.61,-0.0,1.17,0.59,-1.59,-0.13,1.98,1.29,1.5,4.2,3.64,3.63,2.12,3.34,5.29,2.77,2.42,0.82,0.4,0.3,-0.59,-1.0
272,1.8,-3.25,-0.07,0.63,-1.02,0.42,0.59,1.23,1.88,3.62,5.72,4.9,5.72,2.94,1.99,3.33,1.4,0.88,2.59,2.16,0.22,-1.0
273,-1.74,1.27,-0.61,-0.98,0.79,-0.01,0.76,3.12,4.28,2.91,4.51,4.16,2.2,4.86,2.4,2.85,1.43,2.44,1.4,0.74,1.17,-1.0
274,1.34,2.32,1.24,0.18,-0.61,-0.84,1.55,2.09,0.56,3.73,3.16,4.26,4.51,3.7,3.56,3.49,2.6,2.12,1.89,-2.24,0.14,-1.0
275,-1.32,-0.04,-0.7,1.31,0.8,-1.76,0.82,2.45,1.13,2.63,1.36,3.4,3.84,6.28,4.38,3.25,0.56,2.0,1.56,-0.28,0.2,-1.0
276,0.44,-0.42,1.08,0.23,0.69,0.81,0.55,-0.36,0.87,0.45,3.48,3.7,3.83,4.68,6.35,3.51,3.29,2.73,1.41,-1.01,-0.59,-1.0
277,-1.28,0.23,-1.18,0.83,1.96,2.63,2.98,2.45,3.05,4.53,5.99,3.5,4.2,2.86,3.52,0.76,1.56,1.37,0.02,-0.62,1.5,-1.0
278,0.26,0.66,-0.57,-0.06,0.89,1.99,1.24,1.22,3.86,4.37,4.48,5.71,2.63,3.08,3.58,2.72,1.24,1.91,1.32,-1.02,-1.26,-1.0
279,0.6,0.1,-0.14,0.22,-1.43,1.17,3.52,2.21,6.55,5.02,5.42,6.23,2.66,2.66,2.79,2.69,-0.86,0.43,1.22,-2.12,1.21,-1.0
280,-1.3,0.76,-0.74,-0.37,0.07,0.53,2.47,2.38,5.05,5.55,6.98,4.05,5.03,2.32,5.45,2.55,-0.66,-0.88,0.06,-0.22,0.5,-1.0
281,-1.05,-0.1,1.58,-1.02,2.58,-0.85,2.2,3.18,4.13,5.01,5.15,4.73,5.28,4.07,2.0,1.09,0.05,0.94,-0.22,-0.67,1.12,-1.0
282,-1.18,1.4,0.27,-0.1,1.35,0.94,1.23,1.04,1.56,1.41,2.0,3.89,4.27,5.04,6.17,3.41,4.11,2.22,2.23,2.04,2.33,-1.0
283,0.25,1.76,0.01,0.6,-0.51,0.79,1.62,0.96,1.49,-0.02,3.06,3.55,6.38,3.76,5.97,3.26,1.67,1.79,1.47,1.93,-0.93,-1.0
284,1.11,0.56,-0.46,-0.77,0.72,1.08,0.62,3.04,2.15,3.92,7.68,4.54,3.75,2.8,2.9,0.62,0.04,0.11,-1.06,0.61,-0.43,-1.0
285,-1.21,0.98,-1.3,-1.85,-1.36,0.55,1.61,1.24,0.19,2.41,3.75,4.28,3.77,4.65,5.59,3.92,4.42,3.23,1.03,-0.47,-0.42,-1.0
286,-1.67,-0.52,-0.87,0.22,-1.91,0.18,0.92,-1.03,-0.33,1.36,2.13,1.81,4.74,5.01,5.44,6.17,2.3,1.42,1.72,1.89,0.64,-1.0
287,-0.55,1.09,0.06,-0.02,1.02,-0.67,2.14,0.82,2.26,2.29,3.6,4.16,4.07,5.97,3.97,2.43,4.02,0.27,1.03,1.04,-0.25,-1.0
288,-2.03,0.88,-0.71,0.05,-1.13,2.01,1.21,0.84,2.54,2.53,4.1,2.82,3.69,4.98,3.55,4.28,4.68,1.47,0.78,1.63,0.8,-1.0
289,-0.13,-1.82,0.57,0.51,-0.12,2.69,2.98,1.05,4.9,4.55,4.87,5.87,4.2,3.85,3.84,2.18,0.96,0.89,1.03,0.71,-2.72,-1.0
290,-0.64,-1.15,-0.26,-0.9,-1.6,1.76,0.81,0.94,2.97,4.84,4.15,2.42,5.95,3.58,4.13,2.32,0.52,1.92,2.28,-1.1,0.63,-1.0
291,0.1,0.07,-0.21,-1.14,-1.23,1.49,0.16,-1.07,-1.36,-0.11,0.73,3.16,2.77,5.53,6.56,4.61,3.92,2.89,0.1,0.41,-2.56,-1.0
292,2.32,0.94,-0.13,0.77,-0.73,0.63,1.57,0.87,1.58,2.77,4.37,3.24,4.22,4.17,4.26,3.24,3.77,1.38,0.97,1.32,1.86,-1.0
293,-0.0,-0.3,0.33,1.77,-0.12,1.09,1.11,2.01,1.68,2.93,4.53,2.93,3.51,3.23,2.63,1.01,1.75,1.15,1.6,0.45,-1.19,-1.0
294,1.0,0.02,0.21,0.38,-0.46,1.64,1.11,1.14,2.88,3.26,3.4,3.25,5.63,4.96,6.37,5.25,1.26,3.57,3.14,1.73,-0.5,-1.0
295,-2.63,-0.99,0.92,-0.63,0.43,-0.67,-1.4,-0.26,0.89,2.27,1.6,3.8,4.88,5.13,4.72,7.15,3.37,0.9,1.77,-0.22,-1.4,-1.0
296,0.5,-0.53,0.48,0.95,0.86,-0.3,1.6,1.84,2.26,4.81,3.87,3.87,4.37,4.52,5.21,1.75,2.37,2.59,1.2,1.03,1.21,-1.0
297,1.66,-3.12,-0.08,-0.29,-0.46,1.0,0.81,0.18,0.54,1.41,2.65,3.07,4.9,4.26,4.67,3.58,3.93,3.94,2.51,-0.57,-0.19,-1.0
298,1.07,-0.79,0.08,-0.48,-0.18,0.28,2.55,1.55,5.51,3.09,5.46,3.29,4.74,5.24,1.94,1.53,0.37,2.19,1.21,0.2,-1.03,-1.0
299,0.4,-1.17,-1.51,0.88,-1.66,0.94,0.28,2.01,5.91,5.37,6.41,4.01,3.89,1.24,3.36,2.06,0.81,-1.05,0.85,1.24,0.87,-1.0
300,-0.2,0.71,1.77,1.21,0.59,0.92,1.18,3.09,4.42,3.43,5.78,5.37,4.46,3.06,1.84,0.48,-0.72,-0.12,-0.49,1.78,-1.3,-1.0
301,0.86,-1.86,0.61,1.03,-0.05,1.75,0.51,0.7,1.28,2.33,1.5,4.31,1.75,6.48,5.91,4.22,3.87,3.49,2.16,1.35,-0.21,-1.0
302,0.57,-1.42,-0.47,-0.91,-0.68,0.67,-0.08,1.22,1.73,3.62,5.09,3.11,4.12,4.08,2.98,2.73,3.08,-0.7,0.7,1.69,1.32,-1.0
303,1.01,-0.47,-1.45,-1.51,-0.11,0.61,0.19,2.03,2.35,3.79,5.1,4.23,4.72,3.72,2.38,3.21,1.34,-0.26,1.1,0.74,-1.49,-1.0
304,0.91,0.46,-0.32,-1.08,-0.81,0.0,0.79,3.93,3.33,4.01,3.49,3.46,4.04,3.27,4.25,2.89,2.07,2.15,-1.36,1.19,-0.52,-1.0
305,-0.79,-0.59,0.09,-2.15,0.31,1.07,-1.25,-1.37,1.18,2.07,2.43,4.73,3.42,5.63,4.68,5.54,4.16,0.91,0.32,2.16,0.05,-1.0
306,-0.66,-1.47,-0.4,-0.2,-0.06,0.91,-0.45,3.76,3.6,5.0,5.92,4.09,3.93,3.57,2.12,-0.18,1.97,0.05,-1.87,2.04,-0.74,-1.0
307,0.29,-0.01,0.33,-0.69,2.45,0.43,-0.18,1.1,3.58,6.02,4.64,2.85,2.76,3.92,1.75,2.06,0.15,1.87,0.19,2.05,-0.5,-1.0
308,-0.13,1.19,0.11,1.43,1.21,0.39,-0.36,2.1,2.66,2.32,4.95,4.66,3.97,3.01,2.64,1.99,1.49,-0.19,0.43,-1.18,1.69,-1.0
309,-1.09,0.69,0.68,0.62,-0.22,0.75,2.48,3.21,4.49,4.97,5.0,5.97,3.32,5.44,2.08,1.69,0.0,0.86,0.19,0.75,1.92,-1.0
310,-0.42,0.37,-0.18,2.25,0.42,-0.16,1.24,2.76,4.3,4.47,6.78,5.78,2.99,4.35,3.88,1.18,-1.37,0.52,-0.72,-0.13,0.77,-1.0
311,1.79,-0.76,-0.58,-0.18,-0.13,-0.12,-1.31,0.29,-0.33,2.01,1.38,2.67,5.18,4.78,5.19,4.45,3.33,2.43,0.68,0.44,-0.59,-1.0
312,-0.31,0.62,0.81,0.09,-0.37,0.82,3.68,1.69,2.01,3.77,4.62,4.57,3.28,4.97,3.79,0.96,1.09,0.36,0.23,0.49,0.31,-1.0
313,-0.23,0.62,0.97,-0.83,-0.03,0.39,0.18,1.14,0.16,1.51,3.11,5.14,1.78,3.04,5.21,3.9,2.96,2.31,3.45,1.48,-0.45,-1.0
314,0.36,0.19,1.01,1.14,0.96,-0.32,0.02,0.06,-0.5,0.49,3.7,2.81,4.72,4.16,4.11,5.88,3.89,1.39,3.03,0.82,-0.66,-1.0
315,-1.73,0.39,0.43,1.47,-0.34,1.31,-1.34,2.27,-0.68,1.39,1.85,6.82,4.13,6.26,6.13,6.38,3.78,1.98,-0.75,2.35,0.61,-1.0
316,-0.03,1.51,1.33,-0.08,-1.2,0.91,2.16,3.48,4.21,4.4,6.02,5.73,4.52,4.24,0.63,-0.7,-0.9,-0.06,0.15,-0.89,1.09,-1.0
317,0.9,-0.07,0.56,-0.93,-0.76,0.41,-0.31,0.65,2.94,3.92,5.41,4.98,4.07,3.79,3.06,2.44,1.34,2.23,0.83,0.91,2.25,-1.0
318,-0.14,-0.79,2.15,-0.3,-0.02,-1.31,-0.46,1.47,-0.46,2.49,3.63,2.97,4.17,5.11,5.54,4.41,3.15,3.81,0.49,1.39,0.26,-1.0
319,-0.85,1.31,0.07,2.0,-0.37,2.13,-0.1,0.89,1.07,2.92,3.88,3.98,3.07,2.7,3.72,2.85,2.43,2.05,1.36,1.04,-0.43,-1.0
320,-0.11,1.14,0.27,2.0,0.06,0.25,-0.06,0.64,0.56,2.29,2.47,3.02,4.38,5.13,6.05,3.51,3.2,1.81,0.5,0.26,1.25,-1.0
321,1.68,0.12,-0.69,-0.84,-0.98,0.38,0.7,2.84,4.17,2.62,3.48,5.62,2.73,5.5,2.74,2.05,0.06,-0.38,-0.25,1.18,0.65,-1.0
322,-1.8,0.1,0.0,-0.26,-1.92,0.38,1.95,2.62,3.7,3.37,4.03,3.91,4.2,4.11,3.3,2.18,1.64,1.07,0.9,1.2,-1.11,-1.0
323,0.85,-0.66,-0.6,-0.08,0.56,-1.09,-0.91,0.39,2.86,-0.53,3.29,5.5,3.42,4.38,5.02,5.64,3.08,3.32,2.86,1.35,-0.66,-1.0
324,0.01,-0.66,-0.2,2.22,-0.26,-0.65,-0.34,0.85,-1.29,1.21,1.4,3.5,4.89,6.29,4.63,3.41,3.44,0.74,2.56,1.11,-1.7,-1.0
325,0.44,-0.68,-1.59,0.56,0.82,0.01,0.25,0.82,3.81,1.3,3.31,4.21,3.14,5.01,5.16,4.72,2.14,2.99,1.9,-1.01,1.06,-1.0
326,-0.6,2.56,-0.34,1.31,-0.5,-1.02,-1.11,0.2,0.08,1.19,2.4,2.4,3.21,4.79,7.68,4.74,4.49,3.68,1.1,0.23,-0.04,-1.0
327,-2.15,-1.55,-0.59,0.65,-0.94,-0.14,1.16,-1.55,0.74,1.09,3.71,4.54,3.93,4.43,6.69,6.14,3.08,5.21,3.16,1.33,-0.29,-1.0
328,0.1,2.14,2.46,-1.27,-2.37,-0.23,-0.41,3.24,1.91,4.37,5.49,5.82,3.63,3.04,3.49,1.44,0.11,1.63,1.63,0.82,-0.09,-1.0
329,0.87,0.0,-0.51,0.05,-0.07,1.81,1.57,2.27,2.18,1.57,5.06,4.83,4.48,2.53,3.18,3.56,1.13,0.49,-0.09,0.31,0.72,-1.0
330,0.16,0.01,-1.09,0.28,0.36,0.94,0.46,4.14,3.02,5.28,6.16,4.81,3.49,2.28,1.2,1.37,-0.33,1.4,-0.34,-0.74,-0.99,-1.0
331,0.53,0.04,0.67,1.92,0.12,2.0,0.1,0.25,2.33,4.6,4.97,4.52,4.09,3.93,2.89,1.8,3.52,1.12,0.66,0.4,-0.09,-1.0
332,-1.01,-0.33,0.47,1.74,0.07,0.89,1.66,1.81,5.24,4.13,6.05,5.28,4.57,2.29,2.32,2.78,1.59,0.07,0.74,0.27,0.74,-1.0
333,-2.06,-0.64,0.72,-0.8,-0.65,-0.34,2.08,0.69,1.08,3.18,3.4,2.84,3.27,2.55,3.55,4.59,1.3,1.02,1.04,0.18,-0.56,-1.0
334,-2.23,0.19,-0.41,-1.31,0.52,1.75,2.03,1.51,4.17,4.09,3.35,5.32,2.86,3.19,2.74,1.9,2.34,0.55,1.3,0.43,-0.58,-1.0
335,0.49,0.28,2.29,-1.4,1.96,1.29,2.49,3.14,3.72,5.39,6.19,5.94,3.09,3.25,3.3,0.95,0.64,-0.52,0.62,-1.06,0.84,-1.0
336,0.39,0.61,-0.08,-0.37,1.09,-0.81,0.56,-0.1,3.5,4.2,2.4,4.86,4.85,4.64,4.25,3.49,1.99,3.3,1.61,0.56,1.8,-1.0
337,-0.62,-1.45,-1.61,1.51,1.35,0.83,-1.52,0.28,2.98,4.78,4.74,3.84,2.54,3.8,5.1,2.1,3.13,1.28,-0.7,0.43,-1.0,-1.0
338,-0.08,-1.06,-0.44,-0.45,-0.27,-0.15,-0.35,0.78,-0.23,-0.09,2.89,3.13,5.1,5.65,7.78,5.45,2.73,2.43,1.54,1.1,1.41,-1.0
339,3.29,-0.72,-0.57,1.0,-0.11,0.14,-0.28,2.04,2.04,4.97,3.45,4.02,3.44,2.33,4.33,1.91,1.39,2.67,-0.28,0.36,1.22,-1.0
340,1.43,-0.53,-0.57,-0.32,-0.44,0.59,1.97,1.64,3.34,3.9,7.46,3.77,3.8,3.56,2.66,1.59,1.34,0.1,1.35,-0.58,-0.66,-1.0
341,0.9,-0.68,-2.37,0.06,-0.99,1.62,2.54,4.04,4.23,3.84,5.06,4.6,5.54,3.7,3.13,0.9,1.02,0.16,0.31,0.94,-1.06,-1.0
342,1.13,-0.68,-1.94,-1.15,1.7,1.25,0.28,0.28,0.28,1.85,2.02,5.21,4.26,3.83,6.97,3.81,1.73,3.52,0.86,0.94,-1.21,-1.0
343,1.13,-1.47,-1.29,0.12,0.05,0.24,1.47,1.53,1.28,4.77,4.79,6.21,3.53,4.09,3.68,3.04,-1.12,0.43,-0.92,0.4,-1.82,-1.0
344,-1.04,-1.82,0.86,-1.05,0.82,-0.14,-0.57,-0.62,0.82,1.38,0.55,3.59,4.21,5.47,6.26,4.16,4.95,1.77,0.62,1.59,-0.44,-1.0
345,0.06,0.68,0.27,0.14,1.14,1.64,0.69,2.87,2.9,0.91,4.42,2.95,4.48,4.5,8.04,4.1,2.81,3.49,0.66,-0.49,0.61,-1.0
346,0.7,-0.65,0.11,0.65,0.19,-0.83,1.08,0.14,-1.04,0.06,2.08,2.92,4.0,6.48,5.5,4.8,4.54,2.88,0.42,1.09,0.48,-1.0
347,-0.75,-0.34,-0.22,1.82,0.41,-1.7,-0.22,-0.4,1.2,4.26,2.55,3.59,3.98,4.49,5.95,3.35,2.94,3.84,0.65,0.55,1.8,-1.0
348,-1.26,-0.05,0.75,-1.13,-0.26,2.3,-0.42,2.0,1.17,0.39,3.77,2.89,4.51,5.1,2.83,3.27,3.85,2.51,1.17,0.42,-0.88,-1.0
349,0.29,0.87,-0.07,-1.4,-1.46,1.21,-0.95,1.53,1.68,1.47,2.96,2.99,3.7,3.76,5.51,4.13,4.1,2.01,2.05,0.64,-0.29,-1.0
350,-1.12,0.68,0.14,-1.04,0.49,-0.0,2.44,2.79,4.83,3.09,5.61,5.08,4.61,2.94,1.19,2.62,0.97,0.09,0.1,0.42,-1.46,-1.0
351,1.96,0.83,-0.85,-1.89,0.06,0.46,1.04,1.88,-0.47,0.7,2.0,3.02,3.9,4.77,5.13,3.6,3.25,1.64,4.34,1.34,0.08,-1.0
352,-1.56,-2.15,0.99,-0.28,-1.06,0.99,1.6,2.86,4.2,1.78,3.62,5.14,4.83,4.15,3.39,5.8,0.71,0.12,-0.42,-0.64,-0.28,-1.0
353,-0.06,-0.78,0.31,-0.17,-0.86,-1.05,0.57,1.08,1.18,4.48,1.1,4.67,2.22,5.46,4.84,5.42,2.64,3.76,0.88,0.93,0.26,-1.0
354,-0.4,-0.28,-0.32,0.44,1.09,-1.53,0.76,1.16,1.93,3.13,2.91,2.24,6.23,4.73,3.1,4.23,2.77,1.98,-0.93,0.42,-0.36,-1.0
355,-1.41,1.08,-0.65,-0.52,-0.65,0.19,-0.19,0.68,2.31,2.7,3.04,3.36,2.94,5.11,2.99,3.74,1.53,2.76,0.28,2.23,-1.82,-1.0
356,-1.8,-0.26,0.28,0.98,-0.95,0.24,-0.74,1.69,0.71,1.2,1.19,3.96,2.83,4.21,5.08,1.68,3.49,2.08,3.08,0.21,-0.84,-1.0
357,-0.96,1.24,-1.31,-1.59,0.29,-0.06,1.63,-0.33,0.33,1.3,3.87,5.86,4.25,3.74,6.71,5.18,1.67,2.05,-0.39,2.27,0.71,-1.0
358,0.71,-0.61,0.26,1.11,-1.16,-1.0,0.88,1.65,3.54,3.42,7.41,4.04,3.21,1.87,2.5,0.06,1.06,-1.24,0.05,0.22,1.21,-1.0
359,-1.42,-0.39,1.67,0.09,-0.46,0.08,0.64,5.01,5.94,5.17,6.21,6.03,2.62,2.74,2.7,2.15,0.02,1.71,-0.23,3.09,-1.57,-1.0
360,-0.61,1.44,-0.37,-0.83,-0.7,0.65,1.67,2.03,4.82,4.02,4.62,3.47,2.91,4.15,4.8,2.6,0.37,1.97,0.47,0.15,0.36,-1.0
361,0.19,-0.98,-0.27,-0.34,0.19,0.11,0.85,2.03,4.82,5.66,5.36,5.95,2.96,4.47,3.33,0.93,0.18,1.12,-1.75,0.12,0.32,-1.0
362,-0.67,0.02,1.03,0.12,-1.47,-1.16,-0.5,0.94,2.0,0.48,2.9,3.6,3.29,3.33,4.79,5.53,3.93,3.74,3.29,0.48,1.8,-1.0
363,1.75,0.73,-1.72,0.72,0.0,-0.12,3.16,1.28,4.28,3.37,4.96,4.24,4.84,3.47,2.2,2.94,1.04,1.46,0.54,0.25,0.31,-1.0
364,-0.83,2.2,-0.72,1.27,0.77,0.01,2.41,1.17,1.68,5.59,4.18,2.93,3.7,4.43,3.93,2.33,2.94,0.08,2.22,1.2,-0.42,-1.0
365,-0.71,-1.92,-2.19,0.17,-0.42,1.11,0.96,0.96,3.2,3.92,4.11,3.6,4.34,2.79,3.41,3.6,2.32,0.61,0.87,0.34,0.42,-1.0
366,0.77,0.74,-1.33,-0.21,-1.37,1.08,2.54,0.94,4.41,4.88,4.62,4.38,4.33,4.07,2.21,3.33,3.49,0.75,1.17,-0.93,-0.89,-1.0
367,-0.31,0.14,-1.47,-0.3,0.04,1.32,-0.51,1.55,1.74,2.69,3.26,3.75,4.61,5.37,4.25,3.61,2.92,2.92,2.74,-1.01,-1.01,-1.0
368,0.35,-0.11,0.02,-0.36,-1.02,0.97,1.41,1.52,2.9,2.73,3.31,3.95,4.89,1.92,3.24,2.01,-0.53,1.97,0.42,-0.12,0.37,-1.0
369,-1.04,0.59,1.07,-0.39,0.46,-0.92,1.43,4.87,4.33,6.03,4.7,5.71,2.75,2.61,2.68,1.54,1.44,-0.62,-0.25,1.47,-0.39,-1.0
370,-0.04,-0.52,-0.81,1.88,0.55,1.05,1.41,1.8,4.53,4.21,6.1,4.3,4.46,2.94,1.93,2.75,0.71,1.03,0.29,-0.06,-0.63,-1.0
371,-0.48,-1.86,-1.42,-0.06,-0.18,0.9,-2.3,-1.4,0.21,0.6,3.42,3.91,2.94,5.7,4.52,4.54,2.81,1.36,4.27,1.34,0.42,-1.0
372,0.75,-1.76,-0.33,-0.83,0.2,1.84,-1.62,0.49,0.73,3.29,2.79,3.78,3.25,4.69,4.48,4.21,4.16,2.86,0.25,0.54,-0.99,-1.0
373,0.39,0.66,0.53,-0.61,1.15,2.49,0.23,2.77,3.7,4.4,6.37,4.42,3.94,2.43,3.58,1.46,-2.21,0.3,1.19,-1.45,-0.43,-1.0
374,-0.86,-0.62,0.65,-0.29,1.01,0.31,-0.14,1.85,1.69,4.27,3.86,3.19,5.29,4.85,2.62,2.38,2.26,-0.24,0.15,0.37,-0.15,-1.0
375,1.54,0.82,-0.27,0.11,-0.19,0.8,2.41,1.9,1.83,2.11,3.01,3.52,4.34,3.4,2.67,2.51,1.25,2.52,2.05,1.88,0.95,-1.0
376,0.42,-1.72,0.06,-0.68,-0.63,-1.05,-0.27,3.26,3.93,5.37,5.58,3.61,2.75,3.93,3.64,2.45,0.86,-0.86,-0.0,0.93,-1.01,-1.0
377,0.7,-1.12,-0.19,-0.34,-0.83,0.09,0.6,1.4,0.1,1.73,3.06,6.31,4.45,4.02,5.75,3.03,1.32,1.42,2.16,-1.46,0.98,-1.0
378,0.05,0.4,-0.34,0.02,1.44,-0.71,0.33,0.28,0.93,1.01,1.87,4.13,3.53,6.08,5.72,4.58,3.76,3.23,2.25,0.69,0.78,-1.0
379,0.54,1.11,-1.36,0.96,-0.77,0.77,0.78,3.31,4.3,1.74,3.35,4.24,3.62,3.91,2.08,2.21,0.79,0.13,1.03,0.57,-1.59,-1.0
380,-0.71,-1.15,1.97,-0.28,0.38,0.36,0.33,1.39,-0.42,1.63,2.26,2.55,3.59,5.8,5.58,5.28,3.04,2.43,1.96,-0.53,-0.18,-1.0
381,-1.65,0.28,-0.57,0.01,1.88,0.94,0.4,1.35,0.97,2.36,0.97,3.45,3.79,6.62,6.39,4.23,2.59,3.01,1.77,1.7,-0.14,-1.0
382,-0.6,-0.51,-0.67,-1.17,0.67,-0.13,1.25,2.64,2.98,4.32,3.29,4.74,4.85,3.65,1.83,0.12,2.34,-0.88,1.57,1.12,0.51,-1.0
383,-0.57,1.08,-1.2,-0.44,-1.48,1.37,0.45,2.27,1.22,2.3,2.36,3.41,4.66,4.73,3.59,2.97,2.48,3.39,1.04,-0.09,-0.41,-1.0
384,-0.05,-0.32,-0.14,1.29,-2.11,1.62,1.12,2.67,1.75,2.2,3.61,4.67,4.79,3.64,1.39,1.99,2.03,0.26,-0.27,1.67,0.38,-1.0
385,-1.07,0.33,0.31,0.91,1.53,0.42,2.02,3.31,4.77,3.88,5.16,4.29,5.91,2.53,2.08,2.73,1.26,1.3,0.14,1.49,1.31,-1.0
386,0.76,0.38,1.59,0.53,1.25,-0.31,0.19,2.62,1.54,3.07,4.18,4.04,5.16,2.8,5.79,2.7,3.83,2.38,3.14,0.68,0.05,-1.0
387,0.35,-0.15,-1.89,-1.85,0.05,-0.1,1.2,0.2,0.01,1.41,1.39,4.04,3.97,5.4,4.69,4.22,3.49,3.85,3.85,0.52,1.41,-1.0
388,0.56,-0.36,-0.46,-0.38,1.12,0.82,0.67,3.41,2.64,5.06,5.37,5.05,3.08,4.44,2.86,3.11,0.73,-0.11,0.6,0.23,0.18,-1.0
389,0.75,-1.82,-1.47,-0.02,1.09,1.01,0.99,0.81,-0.52,1.14,2.63,3.28,4.49,4.32,4.98,3.56,2.74,2.65,2.17,1.89,0.19,-1.0
390,-0.09,2.3,-0.43,0.36,0.11,-1.2,1.47,2.25,3.5,2.14,6.68,5.45,2.22,2.79,2.61,1.87,0.48,1.98,1.64,1.32,0.71,-1.0
391,0.96,-0.12,-1.59,2.23,1.82,-0.71,1.52,0.78,2.25,2.78,3.39,3.77,2.72,4.48,3.65,2.56,2.04,2.51,1.99,0.03,-2.68,-1.0
392,2.0,-0.56,-0.1,0.12,0.6,0.99,-1.16,1.36,2.02,2.19,2.92,6.95,3.48,4.1,2.33,0.97,2.58,2.71,1.51,2.27,-0.32,-1.0
393,0.98,1.4,0.07,-0.73,-1.57,-0.68,1.41,2.26,0.09,1.59,3.7,3.64,4.96,3.74,5.91,4.34,4.4,2.2,1.35,0.55,-2.1,-1.0
394,1.43,0.19,0.74,0.19,0.68,1.02,-0.19,0.67,0.32,2.37,2.55,4.42,4.34,3.44,5.39,2.91,1.53,1.97,0.93,0.66,0.54,-1.0
395,0.77,1.09,0.05,-1.28,0.32,-0.88,-2.77,0.51,0.77,0.62,3.19,3.77,4.3,6.44,7.19,4.65,2.95,2.55,3.28,2.05,0.42,-1.0
396,-0.25,-0.71,1.21,1.02,0.82,0.08,1.76,1.64,2.11,3.2,2.44,4.17,5.48,3.74,2.79,1.45,1.7,1.99,2.15,0.06,-1.79,-1.0
397,-0.15,-0.77,-0.44,-2.43,2.11,0.66,1.58,1.81,1.19,5.52,3.61,6.03,4.03,3.2,2.45,2.94,1.38,1.16,-1.06,0.91,-1.46,-1.0
398,-1.36,-0.18,0.89,-0.44,1.33,-1.62,-1.61,-0.26,1.68,2.06,2.52,4.83,3.79,4.67,4.97,4.9,3.57,4.48,3.28,0.98,1.95,-1.0
399,0.22,-0.1,-0.14,-0.32,-1.06,1.41,0.42,2.96,3.36,4.03,3.28,5.24,3.42,6.19,3.81,2.01,0.19,-0.18,-1.41,0.05,1.44,-1.0
400,-1.53,0.41,-0.54,-0.86,0.19,1.41,2.49,3.15,3.51,4.68,6.44,3.75,5.9,4.84,0.63,2.01,-1.17,1.17,1.2,-0.2,1.23,-1.0
401,-0.23,0.43,-0.15,0.2,-0.09,0.54,-0.36,0.14,1.9,1.77,2.41,3.69,5.02,4.1,3.89,5.0,2.96,1.79,2.07,0.4,-1.55,-1.0
402,-0.98,1.05,-1.22,2.34,-1.89,1.2,-0.62,0.41,-0.58,-1.24,0.75,3.35,4.19,5.91,6.12,5.02,3.93,3.87,0.58,0.47,-0.63,-1.0
403,-1.43,0.6,-0.01,-1.82,0.32,0.19,0.81,0.04,1.03,1.95,4.48,4.38,2.28,4.99,3.73,4.76,4.19,0.68,0.98,0.33,-0.65,-1.0
404,2.42,1.84,0.56,1.36,-0.55,0.24,-0.22,-0.18,0.43,1.07,2.21,4.98,3.63,5.28,4.6,3.34,3.24,2.92,0.85,0.36,1.17,-1.0
405,0.47,-1.57,-0.5,0.41,0.87,-0.35,1.9,1.89,-0.63,2.54,2.74,3.2,4.73,5.7,3.74,4.14,3.43,3.73,3.39,0.44,-0.57,-1.0
406,0.03,-1.1,-0.92,-0.69,-0.11,1.22,0.67,2.78,4.55,3.33,6.12,3.67,3.27,2.36,3.94,3.18,2.28,1.7,0.17,-0.32,0.57,-1.0
407,-1.32,1.13,-0.16,1.33,-0.79,0.8,-0.04,-1.91,0.44,1.95,3.91,3.68,3.48,6.65,3.92,4.87,2.23,2.19,1.12,0.03,-1.72,-1.0
408,-2.36,0.61,0.65,0.73,1.65,1.99,1.53,2.0,2.94,5.31,5.47,5.56,2.31,3.29,4.72,1.75,-0.3,0.54,-0.24,0.83,1.18,-1.0
409,0.95,-0.38,-0.31,0.82,-0.29,1.9,0.94,1.74,2.9,4.46,4.57,4.19,4.73,3.63,1.26,2.7,2.71,1.69,1.78,1.89,-0.19,-1.0
410,-0.5,-1.61,-0.82,-0.61,-0.62,0.03,0.34,0.8,-0.68,1.66,3.98,3.63,4.42,5.99,4.58,4.7,3.97,1.27,1.39,0.52,1.07,-1.0
411,-0.35,-0.46,-0.4,-0.55,-0.85,0.87,0.71,2.43,1.5,3.34,3.73,3.5,5.18,4.83,4.5,4.51,2.5,0.2,-0.99,-0.57,1.46,-1.0
412,-0.63,0.45,0.41,-0.46,0.78,1.77,0.8,2.84,2.61,4.86,5.92,3.43,5.04,1.17,4.26,1.81,2.0,0.36,1.49,-0.42,-0.32,-1.0
413,-1.67,-2.47,0.59,1.08,-0.49,1.11,2.28,2.3,2.62,2.92,6.99,3.17,4.34,1.9,4.41,3.16,0.32,2.33,0.38,-0.33,0.8,-1.0
414,-1.29,1.22,1.83,-1.58,-0.19,0.9,1.69,2.73,2.95,3.53,5.45,6.18,2.79,4.04,1.64,1.46,1.49,-0.69,1.07,0.41,-0.84,-1.0
415,-0.05,-0.34,-1.22,-1.05,-1.47,-0.3,2.37,1.73,3.83,2.53,3.62,5.79,4.19,3.71,2.0,1.02,-1.16,1.51,1.33,0.18,0.17,-1.0
416,0.24,1.14,1.95,-0.31,-0.61,0.76,1.16,1.5,2.3,3.32,4.54,4.72,4.17,3.66,1.91,-0.8,1.29,1.38,2.08,0.54,0.01,-1.0
417,0.51,-0.82,-2.37,-2.23,-0.8,-0.13,-0.59,0.68,0.89,1.79,2.36,2.27,2.84,4.55,4.38,5.34,3.58,2.09,1.35,0.16,1.01,-1.0
418,1.91,-1.85,0.14,0.07,-0.1,2.27,-0.05,-0.4,1.71,2.73,2.33,3.7,2.44,6.33,5.24,5.03,4.16,2.11,4.54,1.12,0.96,-1.0
419,-1.12,0.37,0.68,-2.31,-1.23,-0.35,-0.69,2.54,1.74,3.53,1.91,5.86,3.34,3.52,3.39,4.13,2.29,1.67,0.93,0.47,0.6,-1.0
420,0.59,0.45,1.8,0.29,-1.49,-0.24,1.72,0.91,2.26,2.49,4.67,5.2,5.17,4.38,3.78,2.12,1.63,1.59,-0.51,0.04,0.4,-1.0
421,1.02,-0.81,-0.14,1.2,-1.05,-0.23,-0.51,-0.26,2.78,1.59,3.74,5.33,2.23,4.57,4.8,2.5,3.79,1.43,2.56,0.78,-1.52,-1.0
422,-1.12,0.62,-0.03,-0.59,0.28,1.17,0.05,0.57,1.35,1.6,3.88,2.41,3.02,6.54,5.33,5.26,4.13,3.77,1.27,1.25,-0.16,-1.0
423,-0.26,-0.51,1.87,-0.25,0.64,0.43,-0.24,0.26,1.63,4.54,4.61,4.62,5.07,2.98,3.78,2.12,3.85,1.57,1.93,1.46,-0.01,-1.0
424,-0.5,-0.17,-1.99,-0.46,-0.91,-0.15,0.72,0.57,1.47,2.23,3.08,1.38,2.64,3.53,6.22,3.27,4.5,1.39,1.89,0.06,-2.0,-1.0
425,1.23,0.11,-0.44,-1.74,-1.01,1.05,1.11,0.97,2.79,5.13,5.63,2.9,3.32,3.44,1.93,0.62,2.7,2.03,0.52,1.61,0.82,-1.0
426,0.05,-0.37,-0.0,0.71,-1.07,-0.5,-0.37,1.66,2.05,2.54,4.97,2.73,4.0,4.32,3.36,3.36,0.82,2.96,0.09,0.26,-0.1,-1.0
427,3.31,0.29,1.6,-1.46,-1.16,1.06,-0.98,-0.87,3.22,3.17,3.21,2.53,5.38,2.65,4.88,4.89,2.67,1.46,0.79,-0.08,1.32,-1.0
428,1.98,0.56,-1.15,0.54,0.28,-0.54,2.98,2.32,1.66,3.93,5.06,5.27,1.68,2.79,2.55,0.63,0.81,-0.39,-1.72,0.43,-0.71,-1.0
429,2.18,1.13,2.9,0.87,-2.38,1.0,1.77,1.3,4.9,2.97,6.11,6.25,2.66,3.64,1.78,1.51,-1.04,0.15,1.38,-0.41,-1.47,-1.0
430,0.7,-1.91,-0.3,0.39,-0.15,-1.1,-0.27,-0.89,0.04,1.56,3.68,4.18,4.08,5.65,4.39,1.9,3.13,1.98,2.69,0.24,0.83,-1.0
431,2.09,-0.24,0.24,-1.01,-1.74,2.75,0.89,0.37,2.97,0.78,2.36,3.66,4.14,4.34,3.36,3.26,2.33,0.41,0.48,1.84,0.45,-1.0
432,-1.25,2.03,-2.25,0.48,-1.13,0.84,0.22,4.18,4.45,4.5,5.95,5.29,3.82,3.47,1.99,0.64,0.71,-2.95,-1.72,-0.32,0.35,-1.0
433,-0.44,-0.6,-0.71,0.02,-0.01,-0.63,0.63,2.82,4.32,2.48,6.53,7.29,5.54,2.74,2.91,2.35,-0.08,1.55,0.24,-1.17,-0.89,-1.0
434,-0.8,0.19,-0.88,-0.5,1.42,0.07,3.37,1.66,2.35,3.29,2.75,3.11,4.25,3.66,3.14,1.15,1.59,0.65,0.92,1.44,-0.58,-1.0
435,-0.15,-0.47,-0.92,-0.19,-0.65,1.78,-1.09,1.23,-0.12,1.24,2.47,2.88,4.71,4.44,4.63,5.58,2.76,2.99,1.64,0.33,0.45,-1.0
436,-1.26,0.21,0.91,1.04,0.94,2.15,2.31,3.96,3.96,5.78,5.14,2.25,4.45,2.43,1.79,-0.24,-1.03,-0.34,-0.82,1.92,-1.11,-1.0
437,-0.82,0.12,0.89,0.12,0.13,1.48,0.34,-0.15,1.79,1.99,1.99,3.86,4.62,4.93,6.16,7.1,3.07,2.03,2.47,0.73,0.55,-1.0
438,1.59,-0.75,0.04,0.8,-0.22,-0.43,0.31,0.54,1.51,3.13,4.01,3.14,4.21,5.75,6.1,4.95,3.64,1.96,0.42,0.1,0.74,-1.0
439,-2.21,0.29,1.25,1.47,-0.57,-0.72,3.1,-0.53,-1.42,2.46,1.74,3.58,3.46,3.88,5.61,5.91,3.16,3.77,2.03,0.9,0.66,-1.0
440,-2.17,0.54,-0.29,-1.61,0.61,-0.94,2.2,4.01,3.05,5.59,5.29,4.17,5.16,1.54,3.74,2.04,-0.7,1.56,-0.41,-0.43,-0.3,-1.0
441,0.82,0.88,0.04,-1.79,-0.05,0.97,1.24,0.86,-0.43,2.04,0.6,4.21,2.31,4.3,6.5,6.23,4.26,3.5,2.8,0.81,-1.52,-1.0
442,0.02,-0.42,1.56,0.78,0.16,-0.24,1.27,-3.52,0.09,2.53,2.22,4.06,3.67,3.91,6.19,3.8,4.26,2.09,1.67,1.65,1.0,-1.0
443,-0.95,1.16,1.29,-0.82,-0.25,1.72,2.14,2.38,2.93,3.36,4.57,5.31,3.55,2.28,3.36,3.57,1.46,0.61,2.81,-1.27,-0.58,-1.0
444,-0.44,1.09,-1.21,-1.52,0.21,0.35,2.46,0.86,4.01,3.55,5.91,5.18,5.58,5.07,1.75,1.78,2.74,-1.1,1.06,0.26,0.19,-1.0
445,-1.54,-2.91,-0.58,-0.38,0.02,0.06,1.18,1.31,0.2,4.01,2.56,2.4,6.34,3.99,7.17,3.79,2.63,4.1,2.64,2.08,-0.94,-1.0
446,2.26,0.42,-0.51,-1.08,-0.05,-0.4,4.08,2.94,1.6,5.7,5.83,4.33,4.32,2.6,2.91,1.4,0.23,2.31,0.33,0.93,-0.48,-1.0
447,1.56,0.24,-1.22,0.09,-0.53,1.41,1.44,3.5,4.03,4.8,4.88,6.36,4.25,3.35,1.23,1.75,-0.16,0.91,-0.38,0.75,1.54,-1.0
448,-0.52,-0.56,1.64,-0.12,0.26,0.11,2.24,2.82,1.32,4.26,6.57,3.52,3.71,4.21,2.39,1.59,0.52,0.01,-0.13,-0.18,-0.56,-1.0
449,0.53,0.57,-0.1,-1.51,-0.8,0.56,0.72,1.57,1.07,3.46,4.52,3.17,4.73,4.16,5.0,4.05,0.97,1.14,0.94,3.41,-0.51,-1.0
450,0.23,-0.69,0.74,0.2,1.1,-2.65,1.23,0.68,1.9,2.91,4.83,1.27,2.61,4.11,5.68,2.41,1.84,1.11,0.34,2.34,0.17,-1.0
451,0.79,-1.56,-1.34,-0.3,-0.21,1.58,1.01,1.77,3.35,1.58,4.7,3.97,4.88,2.76,4.67,4.4,4.41,-0.6,-0.15,1.24,-0.65,-1.0
452,1.22,1.63,-1.71,-0.78,-0.82,2.32,0.94,3.05,2.81,5.46,6.0,5.82,4.27,3.46,3.5,2.18,0.25,1.28,-0.97,-0.24,-0.11,-1.0
453,-1.26,0.74,-1.84,1.54,-0.21,-0.03,1.86,2.95,4.96,3.88,6.85,4.23,2.54,3.38,1.08,1.57,1.26,1.32,-0.3,0.98,-1.84,-1.0
454,2.58,0.42,-2.02,0.11,-2.86,-0.45,1.05,1.68,2.07,2.85,4.66,6.51,3.88,1.84,1.48,2.48,2.29,1.5,2.01,-1.05,-0.69,-1.0
455,-0.51,-1.2,0.9,0.43,-0.7,2.45,2.96,5.1,4.12,3.7,3.78,5.75,5.73,3.71,0.89,1.77,0.6,-1.13,-0.66,-0.82,1.45,-1.0
456,1.17,0.04,0.55,-0.56,-1.73,0.62,1.15,1.6,1.21,5.08,3.29,4.96,3.7,0.85,3.14,3.17,1.23,0.97,2.29,-0.47,-1.33,-1.0
457,-0.7,-0.9,0.06,1.03,0.37,-1.22,0.51,0.84,0.08,2.62,0.82,3.27,6.04,4.1,4.34,0.89,3.69,3.11,2.32,0.86,-0.29,-1.0
458,0.73,-1.64,-0.2,-0.57,0.4,-0.36,-0.22,2.18,1.39,0.85,4.41,4.5,4.36,3.92,4.16,3.74,0.48,1.14,0.56,-1.32,0.57,-1.0
459,2.42,-0.41,-0.73,-0.28,0.93,-0.35,0.69,1.86,2.14,3.17,5.91,3.44,3.48,5.26,2.84,2.09,1.71,-0.52,0.49,1.44,-0.1,-1.0
460,-0.64,0.47,1.24,-0.05,-0.08,0.91,0.92,1.77,0.19,2.57,2.63,3.91,3.88,5.56,5.37,3.2,2.13,1.78,1.11,1.38,-0.52,-1.0
461,-1.21,1.26,0.99,0.61,1.16,-0.08,-0.27,1.0,1.67,2.13,3.5,3.52,2.93,3.52,5.34,3.54,1.62,1.42,2.62,1.39,-1.9,-1.0
462,-0.31,0.34,-0.16,-0.99,0.35,0.29,0.36,3.13,2.04,3.36,3.84,3.06,3.26,5.34,3.66,3.57,2.09,2.6,1.1,1.44,-0.26,-1.0
463,-0.76,0.06,0.04,-0.06,1.62,1.32,2.38,4.95,5.99,6.46,6.79,6.34,4.75,2.46,1.17,0.97,-0.5,-0.29,0.22,1.26,0.23,-1.0
464,0.25,-0.02,-0.98,0.01,-0.63,-0.97,0.32,0.84,-1.64,0.42,1.41,3.11,3.74,3.82,5.83,5.0,2.8,2.07,2.39,0.51,-2.22,-1.0
465,1.44,-1.31,0.34,0.94,-0.09,0.58,3.17,1.99,1.14,-0.23,2.33,4.11,4.06,4.85,4.52,5.39,3.29,5.56,-0.15,2.75,0.74,-1.0
466,-0.84,-2.25,0.41,-0.7,-0.66,1.37,1.44,1.07,4.63,3.31,3.27,3.58,4.9,3.36,2.97,2.92,-0.6,2.16,0.45,1.26,0.73,-1.0
467,1.01,-0.65,-0.17,0.1,1.35,0.31,0.78,0.5,1.52,2.07,4.83,3.23,4.57,3.98,5.3,1.98,1.71,2.37,-0.57,0.23,-0.11,-1.0
468,0.94,-0.9,1.28,1.47,-0.13,-0.15,0.52,0.37,0.22,0.9,4.33,2.24,3.98,4.53,4.79,4.31,2.41,1.16,0.37,1.53,-0.4,-1.0
469,-0.16,0.16,0.63,0.63,0.16,-0.74,1.02,1.24,2.06,2.19,4.24,3.62,3.98,3.91,3.03,3.36,0.31,1.15,1.28,0.22,-0.37,-1.0
470,0.21,0.12,-0.09,0.2,-0.36,1.6,0.58,0.72,2.91,1.66,3.95,3.19,4.67,5.47,4.06,3.58,4.22,1.58,1.17,1.86,0.34,-1.0
471,-0.82,-1.79,0.67,0.61,-0.11,0.47,-0.05,0.73,2.93,3.41,2.67,3.86,4.87,5.79,5.0,3.71,2.84,0.85,1.23,1.39,-0.31,-1.0
472,-1.3,1.09,0.28,-0.26,0.3,0.68,3.15,2.01,1.43,2.44,3.3,4.34,3.51,3.74,3.95,3.16,2.38,0.23,-1.29,1.83,1.72,-1.0
473,0.8,1.34,0.34,-0.14,-1.98,2.48,1.01,3.55,4.53,4.8,5.0,3.37,4.78,3.6,0.47,1.47,-0.7,-0.96,-0.85,0.66,0.14,-1.0
474,1.4,-1.27,1.87,-0.61,0.29,-0.52,2.16,2.35,3.64,2.22,6.17,4.88,3.36,3.98,3.55,0.64,-1.47,0.15,0.43,0.39,0.67,-1.0
475,-0.55,-0.88,1.75,-0.43,-1.84,-0.13,1.59,-0.53,-0.19,2.7,5.29,5.1,2.72,4.82,4.35,4.4,3.68,2.35,1.93,3.02,-1.5,-1.0
476,0.71,1.1,0.73,-0.96,1.55,0.18,0.78,2.09,1.89,2.78,3.26,4.85,3.13,3.14,2.32,4.52,1.4,1.91,1.64,1.24,-1.07,-1.0
477,1.59,-0.92,-0.22,-0.46,-1.5,-0.41,0.61,3.2,2.46,4.66,5.95,4.02,3.92,3.16,3.44,2.23,2.16,1.76,0.81,-1.04,0.86,-1.0
478,2.72,-0.77,1.78,0.35,-0.22,-0.27,-1.17,2.13,1.82,4.33,4.3,4.87,5.82,3.69,2.4,3.64,1.78,1.9,1.04,0.1,-2.19,-1.0
479,1.35,-1.22,-0.17,1.46,-0.81,1.06,1.51,2.84,3.31,5.3,3.89,3.45,4.95,5.73,3.6,4.47,1.6,3.13,0.14,0.09,0.62,-1.0
480,-0.68,-0.96,0.12,0.08,-0.34,1.02,0.43,3.65,2.84,2.72,4.83,4.98,4.65,1.29,3.54,4.38,2.42,1.92,1.32,2.05,-1.59,-1.0
481,-0.16,-0.76,0.0,-0.17,-0.16,0.54,2.33,3.38,4.44,5.86,3.63,4.43,6.37,2.83,1.16,1.55,-1.06,-1.33,0.7,0.78,-0.26,-1.0
482,1.06,-0.92,0.81,0.78,-2.55,-0.56,0.72,-1.08,0.88,2.2,2.99,5.12,3.5,5.4,4.3,3.52,4.61,4.46,2.9,2.28,0.87,-1.0
483,-1.71,2.05,0.66,-0.06,-1.05,-1.27,1.83,2.19,1.36,1.91,3.89,3.37,4.63,5.5,4.32,5.57,5.59,3.07,1.49,2.31,2.52,-1.0
484,-0.57,-0.74,-0.0,0.73,-0.37,1.12,-1.45,1.11,1.68,2.94,5.62,3.74,3.14,3.98,4.45,3.45,0.65,1.72,0.83,0.9,0.24,-1.0
485,-0.3,0.25,0.33,0.03,2.42,0.76,-0.77,-0.2,0.7,1.84,2.28,3.94,3.1,4.05,4.59,3.3,1.79,3.74,0.55,0.77,-0.11,-1.0
486,-0.56,1.96,1.78,0.6,1.18,-0.33,0.09,3.07,1.92,2.76,2.07,3.02,3.76,2.84,5.7,3.88,3.43,2.08,0.73,0.35,0.91,-1.0
487,0.58,-0.24,0.24,-0.75,-1.41,1.07,1.78,3.54,1.97,3.02,2.46,2.12,3.56,2.78,4.16,5.3,2.85,3.0,1.63,1.79,-0.98,-1.0
488,0.93,-1.73,1.06,0.69,-0.12,3.32,0.78,2.17,2.57,4.26,2.83,2.35,4.36,2.22,3.0,3.01,2.43,2.54,1.73,-0.12,1.42,-1.0
489,-0.18,0.22,1.68,-0.98,-0.57,1.41,-0.66,0.21,1.69,2.01,2.17,2.11,4.98,4.81,4.42,4.1,3.65,2.8,0.44,-0.51,0.7,-1.0
490,0.46,1.07,0.84,-0.19,0.61,2.48,2.69,1.95,3.7,1.4,3.26,4.12,3.99,4.14,4.01,1.56,3.99,0.88,0.66,0.98,-1.47,-1.0
491,0.77,-0.16,0.8,1.23,-0.58,1.14,1.63,1.51,1.27,1.23,1.71,3.75,2.26,4.37,4.56,4.45,2.83,2.58,2.1,0.88,-1.74,-1.0
492,-0.88,-0.57,0.73,-0.96,-0.11,0.36,2.01,1.68,2.38,2.2,1.52,3.26,2.39,3.16,6.43,4.72,3.68,2.1,0.4,1.23,0.8,-1.0
493,1.03,1.86,-1.07,-1.37,1.29,-0.59,0.45,1.51,1.96,0.62,2.67,2.16,4.0,2.86,4.56,4.4,2.23,2.63,2.0,1.12,-0.59,-1.0
494,0.64,-0.44,-1.51,2.23,0.4,1.97,2.56,1.6,2.01,2.67,3.94,3.93,3.72,3.22,1.33,5.47,2.18,2.92,1.62,0.73,0.01,-1.0
495,0.68,1.31,0.33,0.06,0.13,-1.12,1.07,2.86,0.96,1.2,3.32,2.26,4.23,1.53,2.01,3.71,1.34,2.64,1.73,-0.14,-1.66,-1.0
496,-0.14,-0.62,0.63,0.56,0.36,2.44,0.55,1.56,-0.31,3.05,3.1,2.89,4.58,4.35,3.35,2.42,1.43,3.1,0.91,1.62,-1.34,-1.0
497,-0.59,1.2,-0.24,0.77,0.23,1.58,0.07,-0.14,2.56,1.57,2.87,3.14,2.26,4.42,4.84,3.56,3.44,1.78,1.25,2.43,-0.4,-1.0
498,0.32,-0.3,-1.28,-0.06,1.71,1.93,2.34,0.24,2.57,0.55,4.04,3.13,3.11,2.96,6.34,2.91,3.03,2.04,1.84,0.06,0.97,-1.0
499,-0.07,0.48,0.01,-0.91,0.51,0.93,-0.59,1.48,1.74,0.5,4.47,2.71,3.59,4.9,4.47,3.0,2.54,2.25,0.26,0.89,-1.58,-1.0
500,-1.09,0.23,1.76,2.52,3.34,4.23,7.85,3.02,2.13,3.44,1.64,0.76,-1.04,0.45,1.18,1.39,1.18,0.06,0.83,-0.41,1.67,1.0
501,-0.6,0.27,-0.21,0.65,1.1,0.68,1.91,0.85,-0.82,0.25,0.99,2.86,5.59,1.97,5.69,4.35,4.91,1.74,0.57,-0.46,0.44,1.0
502,0.41,1.16,1.9,0.76,3.63,4.01,5.46,5.14,3.28,2.75,1.73,1.24,1.73,-0.51,1.12,1.35,0.1,-0.1,-0.35,0.81,-0.84,1.0
503,-0.7,-0.06,0.43,0.12,1.54,2.15,2.83,5.38,1.52,1.66,3.35,2.22,1.82,1.48,4.68,4.3,3.65,1.58,-0.25,0.71,0.38,1.0
504,-1.29,2.14,1.14,2.22,3.51,4.25,4.73,3.18,2.82,1.78,1.48,2.27,2.18,3.34,3.45,2.67,3.81,2.97,0.82,0.31,1.8,1.0
505,1.18,0.18,1.3,3.11,4.68,2.14,5.61,2.71,2.7,2.08,3.39,1.21,0.96,1.97,0.52,2.27,0.67,-0.99,0.3,-0.25,0.13,1.0
506,0.63,1.93,1.23,3.25,3.93,6.03,6.63,5.2,2.84,0.75,2.62,2.0,1.66,-1.36,0.53,-2.14,-0.99,1.02,1.68,0.61,0.13,1.0
507,-0.35,0.94,-0.19,0.36,1.03,0.94,0.95,1.76,1.08,0.36,0.27,0.5,2.27,3.53,3.99,4.32,3.34,3.16,1.54,2.54,-1.08,1.0
508,-1.05,0.91,1.67,-0.75,0.56,-0.5,0.45,-0.33,0.63,1.09,-0.76,2.01,2.24,5.11,3.78,4.83,2.47,1.71,0.8,2.19,0.9,1.0
509,0.8,1.31,1.01,2.91,3.01,5.81,7.09,4.86,5.23,2.89,1.78,2.17,1.74,-0.95,0.35,-1.58,0.72,-1.93,0.83,-1.14,1.12,1.0
510,0.12,0.11,2.24,0.42,1.75,3.08,2.51,3.63,1.32,1.56,0.48,1.17,-0.05,3.38,4.51,4.37,2.42,1.79,-0.42,0.6,0.27,1.0
511,-1.94,0.76,3.69,1.97,2.21,4.24,6.78,4.34,5.19,2.85,0.56,1.9,0.04,-2.82,0.03,0.62,0.8,-1.4,0.64,-1.61,-0.61,1.0
512,-0.64,-0.4,0.77,0.59,1.09,1.34,1.31,1.6,1.77,1.73,0.38,1.18,1.71,3.1,3.24,3.54,2.6,3.63,1.59,0.88,0.85,1.0
513,1.68,0.45,0.53,2.78,-0.08,2.09,0.95,1.16,1.78,-0.49,1.28,2.71,2.42,2.43,2.97,1.43,3.34,1.89,0.82,0.67,0.67,1.0
514,0.74,2.06,3.39,2.21,2.06,3.96,4.7,2.42,2.29,1.65,-0.38,1.38,2.09,1.61,2.47,1.72,0.2,1.2,-0.81,-0.43,0.18,1.0
515,-1.52,-0.34,-0.19,3.86,2.89,3.8,5.96,4.01,3.64,4.31,0.17,2.49,-0.4,-0.31,1.04,0.7,-0.21,0.73,-0.21,-0.84,-0.6,1.0
516,0.73,1.53,2.16,1.6,4.67,3.0,3.25,5.32,2.55,1.18,1.66,1.15,2.12,1.44,3.14,1.48,1.68,2.66,-0.68,-1.34,-1.88,1.0
517,-0.92,-0.04,2.71,2.57,2.5,5.31,5.11,4.36,3.51,2.18,1.6,0.92,2.03,1.22,1.26,1.23,-0.56,0.5,0.57,0.16,-0.27,1.0
518,0.43,0.91,2.61,-1.67,2.35,0.1,1.55,1.63,-0.9,-1.15,1.68,2.55,4.35,4.4,5.93,5.22,3.08,2.98,1.15,0.05,0.52,1.0
519,1.76,-0.84,0.54,0.1,1.16,2.94,4.63,2.43,2.05,3.15,5.45,2.22,0.96,1.05,3.8,1.3,2.92,2.33,1.64,2.03,0.92,1.0
520,-0.55,1.21,3.48,3.17,3.26,5.01,5.99,4.48,4.94,2.99,2.05,0.3,1.33,0.06,-0.55,0.3,-0.39,-0.51,0.5,-1.05,2.94,1.0
521,1.56,0.59,2.25,1.16,2.22,2.78,4.57,3.08,4.82,2.91,1.63,1.23,1.78,0.9,1.53,2.67,0.37,1.31,0.72,1.99,-0.99,1.0
522,1.26,0.33,1.46,1.14,3.89,3.51,2.18,1.89,3.55,2.14,2.92,3.52,1.22,1.41,2.6,4.82,1.0,1.45,1.72,0.04,-0.26,1.0
523,-0.49,-0.31,2.88,2.71,2.96,3.62,5.42,5.96,3.05,2.43,3.04,-0.04,1.17,0.61,1.03,-1.51,-1.0,0.23,0.21,-1.32,-0.31,1.0
524,-1.27,1.1,-0.09,2.01,3.18,2.9,5.65,5.27,0.66,3.76,2.47,0.96,2.06,1.25,1.03,1.27,-0.93,1.31,0.3,0.55,0.92,1.0
525,-0.26,-1.0,0.06,1.04,1.22,0.52,-0.03,2.01,0.78,1.79,3.17,0.51,3.35,6.95,5.11,3.25,1.17,2.04,0.75,-0.64,-0.87,1.0
526,-2.08,-0.65,0.94,-0.21,-0.56,0.8,-0.01,1.77,1.02,-0.83,1.76,2.18,3.11,4.18,5.62,3.68,3.25,0.45,1.52,-0.17,-0.82,1.0
527,-0.95,2.83,0.9,0.19,1.18,-2.06,0.6,0.3,-0.44,-0.47,0.64,2.68,5.47,4.46,6.35,4.81,3.63,3.09,1.4,1.64,-1.63,1.0
528,0.62,-1.05,0.58,0.92,1.32,1.32,0.16,0.19,-0.27,1.52,1.46,3.25,3.77,4.86,3.82,4.06,1.23,3.87,0.93,2.4,0.36,1.0
529,-0.36,-0.38,-1.58,2.04,0.72,1.46,2.94,-0.66,2.15,1.83,1.9,2.62,4.18,4.45,5.77,2.77,4.19,2.99,1.91,0.28,-0.67,1.0
530,-1.28,0.44,0.28,-0.3,2.41,-0.81,0.93,0.5,1.85,1.53,1.28,4.19,2.47,2.76,5.49,3.28,3.0,1.4,2.39,2.04,-0.63,1.0
531,0.6,-0.58,0.68,0.31,0.25,0.18,-0.35,1.54,2.03,1.47,1.34,1.2,4.93,2.94,5.39,4.81,2.74,0.54,1.26,2.26,0.5,1.0
532,-0.21,0.11,0.66,0.08,-1.51,0.32,0.82,0.6,-0.55,0.87,1.89,2.12,2.72,4.96,5.37,5.86,4.39,3.72,0.87,1.61,-0.85,1.0
533,0.33,-0.12,-0.42,0.49,0.48,0.08,1.61,-1.08,0.51,2.19,1.85,1.89,4.4,4.39,4.06,5.55,2.19,4.01,1.49,1.37,-0.4,1.0
534,0.56,2.51,-2.11,0.8,1.38,-0.85,0.45,0.46,0.07,2.01,1.47,2.15,4.15,4.12,5.7,4.27,3.88,3.1,2.37,1.04,0.14,1.0
535,-0.98,-0.05,-1.14,1.24,-0.15,0.13,-0.24,0.45,0.63,0.5,0.77,2.31,3.54,4.7,5.71,4.21,4.9,3.84,2.68,1.71,0.88,1.0
536,0.7,-0.29,0.81,0.04,0.7,-0.97,-0.35,-0.17,-0.48,0.64,2.17,1.96,4.04,5.73,5.34,4.98,3.18,4.6,2.24,3.3,-1.52,1.0
537,-0.96,1.81,0.58,0.61,-1.44,1.16,0.31,0.65,0.02,0.68,2.01,1.13,3.16,5.86,4.82,5.4,5.0,2.95,1.06,0.36,2.76,1.0
538,-1.01,1.23,-0.27,1.09,0.13,1.35,0.17,0.55,0.75,-0.94,1.35,1.74,3.51,3.87,5.4,3.01,3.14,3.96,2.56,0.4,-0.86,1.0
539,1.48,0.54,0.96,0.85,-0.67,-0.71,-1.45,-0.31,-0.16,0.2,2.38,2.35,1.97,4.78,3.53,4.35,3.05,3.31,1.13,3.32,-0.95,1.0
540,0.2,2.55,-0.28,0.23,0.54,-0.05,1.13,-1.04,1.75,1.41,1.5,2.67,4.99,5.85,6.58,4.65,3.86,3.18,1.44,1.61,0.1,1.0
541,0.89,0.13,-0.17,-1.25,1.18,1.22,2.04,1.27,1.49,0.99,2.3,2.4,3.51,3.71,6.79,4.11,3.67,3.41,2.63,2.19,1.69,1.0
542,-2.47,-1.18,1.3,1.56,-0.99,0.32,1.54,0.08,1.5,0.05,1.85,3.26,3.66,2.97,4.4,4.55,3.45,3.19,0.82,2.0,1.4,1.0
543,-0.38,0.56,0.03,-0.89,1.84,-0.73,-0.55,-0.26,2.09,-1.76,0.85,0.96,4.87,2.61,7.24,4.5,3.71,2.82,0.89,2.95,0.34,1.0
544,-1.43,-0.46,-0.52,1.45,-0.0,1.35,1.39,0.81,0.03,1.39,2.55,2.42,3.07,5.46,6.29,6.5,4.6,3.77,1.62,1.01,-1.86,1.0
545,-0.85,-0.68,-0.63,-2.32,0.05,0.04,1.98,-1.46,0.6,-0.36,2.04,1.61,4.18,3.9,7.05,5.6,2.99,4.12,3.23,1.72,-0.17,1.0
546,-1.57,1.07,-0.03,2.84,-1.33,1.43,-1.17,-0.62,-1.64,-0.1,0.15,1.34,5.17,3.73,6.32,3.4,3.89,2.6,0.64,1.72,-1.69,1.0
547,-1.82,0.94,1.31,0.43,0.96,2.22,1.02,0.84,-0.37,1.35,1.14,3.87,2.36,4.01,3.65,3.29,2.72,2.77,1.92,1.01,-1.46,1.0
548,-1.41,0.15,0.08,0.51,-1.36,0.64,-0.22,0.05,-0.04,0.08,0.96,2.39,3.9,5.68,4.55,5.28,3.52,1.13,0.41,-0.57,-1.04,1.0
549,0.57,1.85,-0.47,1.91,0.38,-0.35,0.86,2.21,-0.66,0.56,1.26,1.61,4.56,5.13,4.92,5.05,3.03,4.95,3.08,0.77,0.82,1.0
