,0,1,2,3,4,5,6,7,8,9,labels
0,0.0,0.0,1.0,0.6,0.465,0.18,1.193,0.5145,0.315,0.3055,-1.0
1,0.0,1.0,0.0,0.39,0.29,0.1,0.2845,0.1255,0.0635,0.081,-1.0
2,0.0,1.0,0.0,0.325,0.25,0.055,0.166,0.076,0.051,0.045,-1.0
3,0.0,1.0,0.0,0.545,0.375,0.12,0.5429999999999999,0.2375,0.1155,0.1725,-1.0
4,1.0,0.0,0.0,0.43,0.34,0.12,0.391,0.1555,0.095,0.1405,-1.0
5,0.0,1.0,0.0,0.265,0.195,0.06,0.092,0.0345,0.025,0.0245,-1.0
6,0.0,1.0,0.0,0.445,0.345,0.12,0.4035,0.16899999999999998,0.0825,0.13,-1.0
7,0.0,1.0,0.0,0.45,0.33,0.115,0.365,0.14,0.0825,0.1245,-1.0
8,0.0,1.0,0.0,0.32,0.235,0.08,0.1485,0.064,0.031,0.045,-1.0
9,0.0,1.0,0.0,0.45,0.335,0.11,0.4195,0.181,0.085,0.1345,-1.0
10,1.0,0.0,0.0,0.375,0.29,0.08,0.282,0.1405,0.0725,0.08,-1.0
11,0.0,1.0,0.0,0.375,0.28,0.085,0.3155,0.187,0.046,0.067,-1.0
12,1.0,0.0,0.0,0.37,0.275,0.085,0.2405,0.104,0.0535,0.07,-1.0
13,0.0,1.0,0.0,0.295,0.22,0.065,0.1295,0.052000000000000005,0.028,0.035,-1.0
14,0.0,1.0,0.0,0.375,0.245,0.1,0.394,0.166,0.091,0.1125,-1.0
15,0.0,1.0,0.0,0.35,0.265,0.08,0.2,0.09,0.042,0.06,-1.0
16,0.0,1.0,0.0,0.3,0.22,0.09,0.1425,0.057,0.0335,0.043,-1.0
17,0.0,0.0,1.0,0.385,0.295,0.095,0.335,0.147,0.094,0.09,-1.0
18,0.0,1.0,0.0,0.495,0.4,0.145,0.578,0.2545,0.1305,0.1645,-1.0
19,0.0,1.0,0.0,0.28,0.22,0.08,0.1315,0.066,0.024,0.03,-1.0
20,0.0,1.0,0.0,0.225,0.165,0.055,0.059,0.027000000000000003,0.0125,0.015,-1.0
21,0.0,1.0,0.0,0.475,0.35,0.11,0.4565,0.206,0.099,0.13,-1.0
22,1.0,0.0,0.0,0.55,0.425,0.14,0.952,0.4895,0.1945,0.2185,-1.0
23,1.0,0.0,0.0,0.485,0.365,0.15,0.9145,0.4145,0.199,0.273,-1.0
24,1.0,0.0,0.0,0.275,0.195,0.07,0.08,0.031,0.0215,0.025,-1.0
25,0.0,0.0,1.0,0.175,0.125,0.04,0.024,0.0095,0.006,0.005,-1.0
26,0.0,1.0,0.0,0.315,0.23,0.07,0.14400000000000002,0.053,0.0305,0.04,-1.0
27,0.0,1.0,0.0,0.28,0.215,0.08,0.132,0.07200000000000001,0.022,0.033,-1.0
28,0.0,0.0,1.0,0.59,0.465,0.14,1.046,0.4695,0.263,0.263,-1.0
29,0.0,1.0,0.0,0.385,0.285,0.085,0.244,0.1215,0.0445,0.068,-1.0
30,0.0,0.0,1.0,0.55,0.385,0.13,0.7275,0.343,0.1625,0.19,-1.0
31,0.0,1.0,0.0,0.37,0.275,0.1,0.2295,0.0885,0.0465,0.07,-1.0
32,0.0,1.0,0.0,0.46,0.355,0.11,0.436,0.1975,0.096,0.125,-1.0
33,0.0,1.0,0.0,0.45,0.34,0.095,0.3245,0.1385,0.064,0.105,-1.0
34,0.0,1.0,0.0,0.24,0.185,0.07,0.0715,0.026,0.018000000000000002,0.025,-1.0
35,1.0,0.0,0.0,0.505,0.39,0.12,0.5725,0.2555,0.1325,0.146,-1.0
36,0.0,1.0,0.0,0.43,0.32,0.1,0.3855,0.192,0.0745,0.1,-1.0
37,0.0,1.0,0.0,0.25,0.185,0.065,0.0685,0.0295,0.014,0.0225,-1.0
38,0.0,1.0,0.0,0.485,0.375,0.14,0.521,0.2,0.123,0.17,-1.0
39,0.0,1.0,0.0,0.49,0.37,0.11,0.5379999999999999,0.271,0.1035,0.139,-1.0
40,0.0,1.0,0.0,0.515,0.385,0.125,0.5720000000000001,0.237,0.1435,0.165,-1.0
41,0.0,1.0,0.0,0.335,0.255,0.08,0.168,0.079,0.0355,0.05,-1.0
42,0.0,1.0,0.0,0.36,0.275,0.095,0.217,0.084,0.0435,0.09,-1.0
43,0.0,1.0,0.0,0.3,0.225,0.075,0.1345,0.057,0.028,0.044,-1.0
44,0.0,1.0,0.0,0.395,0.31,0.095,0.313,0.131,0.07200000000000001,0.093,-1.0
45,0.0,1.0,0.0,0.275,0.2,0.065,0.1035,0.0475,0.0205,0.03,-1.0
46,1.0,0.0,0.0,0.58,0.445,0.15,0.858,0.4,0.156,0.253,-1.0
47,0.0,1.0,0.0,0.225,0.17,0.07,0.0565,0.024,0.013,0.016,-1.0
48,0.0,1.0,0.0,0.44,0.325,0.1,0.4165,0.185,0.0865,0.11,-1.0
49,0.0,0.0,1.0,0.525,0.38,0.125,0.65,0.303,0.155,0.159,-1.0
50,0.0,1.0,0.0,0.51,0.405,0.13,0.599,0.3065,0.1155,0.1485,-1.0
51,0.0,0.0,1.0,0.275,0.2,0.08,0.099,0.037000000000000005,0.024,0.03,-1.0
52,0.0,1.0,0.0,0.18,0.135,0.08,0.033,0.0145,0.006999999999999999,0.01,-1.0
53,0.0,1.0,0.0,0.235,0.16,0.04,0.048,0.0185,0.018000000000000002,0.015,-1.0
54,0.0,0.0,1.0,0.44,0.325,0.08,0.413,0.14400000000000002,0.1015,0.13,-1.0
55,0.0,1.0,0.0,0.375,0.28,0.08,0.2235,0.115,0.043,0.055,-1.0
56,0.0,1.0,0.0,0.42,0.31,0.095,0.279,0.1255,0.051,0.08800000000000001,-1.0
57,0.0,1.0,0.0,0.43,0.34,0.0,0.428,0.2065,0.086,0.115,-1.0
58,0.0,1.0,0.0,0.47,0.375,0.12,0.487,0.196,0.099,0.135,-1.0
59,0.0,1.0,0.0,0.39,0.295,0.095,0.203,0.0875,0.045,0.075,-1.0
60,0.0,1.0,0.0,0.28,0.2,0.075,0.1225,0.0545,0.0115,0.035,-1.0
61,0.0,1.0,0.0,0.44,0.35,0.11,0.3805,0.1575,0.0895,0.115,-1.0
62,0.0,0.0,1.0,0.47,0.36,0.105,0.544,0.27,0.1395,0.129,-1.0
63,0.0,1.0,0.0,0.435,0.33,0.095,0.393,0.219,0.075,0.0885,-1.0
64,0.0,1.0,0.0,0.315,0.21,0.06,0.125,0.06,0.0375,0.035,-1.0
65,0.0,1.0,0.0,0.21,0.15,0.045,0.04,0.0135,0.008,0.0105,-1.0
66,0.0,1.0,0.0,0.44,0.325,0.11,0.4965,0.258,0.1195,0.1075,-1.0
67,0.0,0.0,1.0,0.36,0.27,0.09,0.2225,0.083,0.053,0.075,-1.0
68,0.0,0.0,1.0,0.35,0.265,0.09,0.197,0.073,0.0365,0.077,-1.0
69,0.0,1.0,0.0,0.41,0.335,0.105,0.3305,0.1405,0.064,0.105,-1.0
70,1.0,0.0,0.0,0.39,0.29,0.125,0.3055,0.121,0.08199999999999999,0.09,-1.0
71,0.0,1.0,0.0,0.375,0.305,0.115,0.2715,0.092,0.07400000000000001,0.09,-1.0
72,0.0,1.0,0.0,0.395,0.32,0.1,0.3075,0.149,0.0535,0.09,-1.0
73,0.0,1.0,0.0,0.41,0.3,0.09,0.28,0.141,0.0575,0.075,-1.0
74,0.0,1.0,0.0,0.285,0.225,0.07,0.1005,0.0425,0.0185,0.035,-1.0
75,0.0,0.0,1.0,0.61,0.48,0.14,1.031,0.4375,0.2615,0.27,-1.0
76,0.0,1.0,0.0,0.4,0.315,0.1,0.3225,0.14300000000000002,0.0735,0.091,-1.0
77,0.0,0.0,1.0,0.515,0.39,0.14,0.6779999999999999,0.341,0.1325,0.119,-1.0
78,0.0,1.0,0.0,0.17,0.13,0.095,0.03,0.013,0.008,0.01,-1.0
79,0.0,1.0,0.0,0.285,0.22,0.065,0.096,0.0405,0.0205,0.03,-1.0
80,0.0,1.0,0.0,0.285,0.21,0.055,0.101,0.0415,0.017,0.0335,-1.0
81,0.0,1.0,0.0,0.445,0.34,0.145,0.434,0.1945,0.0905,0.13,-1.0
82,1.0,0.0,0.0,0.58,0.48,0.18,1.2495,0.4945,0.27,0.371,-1.0
83,0.0,1.0,0.0,0.585,0.45,0.15,0.8915,0.3975,0.2035,0.253,-1.0
84,0.0,1.0,0.0,0.34,0.265,0.08,0.2015,0.09,0.0475,0.055,-1.0
85,0.0,1.0,0.0,0.45,0.355,0.105,0.4445,0.197,0.093,0.1335,-1.0
86,0.0,1.0,0.0,0.42,0.315,0.115,0.355,0.1895,0.065,0.087,-1.0
87,0.0,1.0,0.0,0.525,0.4,0.13,0.6455,0.325,0.1245,0.17,-1.0
88,0.0,1.0,0.0,0.32,0.24,0.075,0.1735,0.076,0.0355,0.05,-1.0
89,0.0,1.0,0.0,0.24,0.18,0.055,0.0555,0.0235,0.013,0.018000000000000002,-1.0
90,0.0,1.0,0.0,0.205,0.15,0.065,0.04,0.02,0.011,0.013,-1.0
91,0.0,1.0,0.0,0.4,0.29,0.1,0.2675,0.1205,0.0605,0.0765,-1.0
92,0.0,0.0,1.0,0.5,0.39,0.135,0.6595,0.3145,0.1535,0.1565,-1.0
93,1.0,0.0,0.0,0.62,0.435,0.155,1.012,0.477,0.236,0.275,-1.0
94,0.0,1.0,0.0,0.375,0.265,0.095,0.196,0.085,0.042,0.0585,-1.0
95,0.0,0.0,1.0,0.575,0.44,0.145,0.87,0.3945,0.2195,0.225,-1.0
96,0.0,1.0,0.0,0.485,0.365,0.105,0.5205,0.195,0.123,0.182,-1.0
97,0.0,0.0,1.0,0.255,0.195,0.065,0.08,0.0315,0.018000000000000002,0.027000000000000003,-1.0
98,0.0,0.0,1.0,0.61,0.48,0.15,1.1495,0.564,0.274,0.264,-1.0
99,0.0,1.0,0.0,0.43,0.33,0.095,0.32,0.118,0.065,0.123,-1.0
100,0.0,1.0,0.0,0.35,0.235,0.08,0.17,0.0725,0.0465,0.0495,-1.0
101,0.0,1.0,0.0,0.41,0.315,0.1,0.3,0.124,0.0575,0.1,-1.0
102,0.0,1.0,0.0,0.325,0.25,0.075,0.1585,0.075,0.0305,0.0455,-1.0
103,0.0,1.0,0.0,0.34,0.26,0.09,0.179,0.076,0.0525,0.055,-1.0
104,1.0,0.0,0.0,0.5,0.38,0.14,0.6355,0.277,0.14300000000000002,0.1785,-1.0
105,0.0,1.0,0.0,0.44,0.345,0.115,0.545,0.269,0.111,0.1305,-1.0
106,0.0,0.0,1.0,0.195,0.145,0.05,0.032,0.01,0.008,0.012,-1.0
107,0.0,1.0,0.0,0.36,0.27,0.095,0.2,0.073,0.056,0.061,-1.0
108,0.0,1.0,0.0,0.52,0.38,0.13,0.5345,0.2375,0.122,0.1535,-1.0
109,0.0,0.0,1.0,0.525,0.415,0.135,0.7945,0.394,0.189,0.202,-1.0
110,0.0,1.0,0.0,0.33,0.23,0.08,0.14,0.0565,0.0365,0.046,-1.0
111,1.0,0.0,0.0,0.72,0.525,0.18,1.445,0.631,0.3215,0.435,-1.0
112,0.0,1.0,0.0,0.43,0.33,0.1,0.449,0.254,0.0825,0.097,-1.0
113,0.0,1.0,0.0,0.46,0.36,0.105,0.466,0.2225,0.099,0.11,-1.0
114,0.0,0.0,1.0,0.335,0.235,0.085,0.1545,0.066,0.0345,0.045,-1.0
115,0.0,1.0,0.0,0.485,0.365,0.125,0.426,0.163,0.0965,0.151,-1.0
116,0.0,0.0,1.0,0.33,0.215,0.075,0.1145,0.045,0.0265,0.035,-1.0
117,0.0,1.0,0.0,0.435,0.33,0.105,0.335,0.156,0.0555,0.105,-1.0
118,0.0,0.0,1.0,0.555,0.435,0.14,0.7495,0.341,0.1645,0.214,-1.0
119,0.0,1.0,0.0,0.375,0.275,0.1,0.2325,0.1165,0.042,0.065,-1.0
120,0.0,1.0,0.0,0.41,0.31,0.09,0.3335,0.1635,0.061,0.091,-1.0
121,0.0,1.0,0.0,0.41,0.305,0.095,0.2625,0.1,0.0515,0.09,-1.0
122,0.0,0.0,1.0,0.405,0.305,0.12,0.3185,0.1235,0.0905,0.095,-1.0
123,0.0,0.0,1.0,0.285,0.21,0.075,0.1185,0.055,0.0285,0.04,-1.0
124,0.0,0.0,1.0,0.69,0.525,0.175,1.7005,0.8255,0.362,0.405,-1.0
125,0.0,1.0,0.0,0.49,0.375,0.115,0.557,0.2275,0.1335,0.1765,-1.0
126,0.0,1.0,0.0,0.425,0.31,0.105,0.365,0.159,0.0825,0.105,-1.0
127,0.0,1.0,0.0,0.435,0.3,0.12,0.5965,0.259,0.139,0.1645,-1.0
128,0.0,1.0,0.0,0.465,0.355,0.105,0.442,0.2085,0.0975,0.1185,-1.0
129,0.0,0.0,1.0,0.355,0.265,0.085,0.201,0.069,0.053,0.0695,-1.0
130,0.0,1.0,0.0,0.445,0.325,0.1,0.378,0.1795,0.1,0.08900000000000001,-1.0
131,0.0,1.0,0.0,0.33,0.25,0.105,0.1715,0.0655,0.035,0.06,-1.0
132,0.0,1.0,0.0,0.44,0.345,0.12,0.365,0.1655,0.083,0.11,-1.0
133,1.0,0.0,0.0,0.44,0.34,0.105,0.364,0.14800000000000002,0.0805,0.1175,-1.0
134,0.0,1.0,0.0,0.27,0.205,0.075,0.118,0.059,0.031,0.0305,-1.0
135,1.0,0.0,0.0,0.58,0.46,0.15,1.1155,0.5575,0.2255,0.29,-1.0
136,0.0,0.0,1.0,0.505,0.4,0.15,0.775,0.3445,0.157,0.185,-1.0
137,0.0,1.0,0.0,0.515,0.38,0.12,0.625,0.3265,0.1295,0.16,-1.0
138,0.0,1.0,0.0,0.575,0.44,0.15,0.983,0.486,0.215,0.239,-1.0
139,0.0,1.0,0.0,0.45,0.33,0.11,0.3685,0.16,0.0885,0.102,-1.0
140,0.0,1.0,0.0,0.45,0.345,0.11,0.47,0.2355,0.0855,0.1135,-1.0
141,1.0,0.0,0.0,0.335,0.22,0.07,0.17,0.076,0.0365,0.05,-1.0
142,0.0,1.0,0.0,0.28,0.205,0.055,0.1135,0.045,0.0275,0.0335,-1.0
143,0.0,0.0,1.0,0.465,0.36,0.115,0.5795,0.295,0.1395,0.12,-1.0
144,0.0,0.0,1.0,0.53,0.41,0.14,0.6809999999999999,0.3095,0.1415,0.1835,-1.0
145,0.0,1.0,0.0,0.43,0.315,0.115,0.384,0.1885,0.0715,0.11,-1.0
146,0.0,0.0,1.0,0.47,0.35,0.1,0.4775,0.1885,0.0885,0.175,-1.0
147,0.0,0.0,1.0,0.55,0.44,0.16,0.985,0.4645,0.201,0.27,-1.0
148,1.0,0.0,0.0,0.66,0.475,0.18,1.3695,0.6409999999999999,0.294,0.335,-1.0
149,0.0,1.0,0.0,0.385,0.29,0.09,0.2365,0.1,0.0505,0.076,-1.0
150,1.0,0.0,0.0,0.37,0.275,0.1,0.2225,0.093,0.026,0.08,-1.0
151,0.0,1.0,0.0,0.395,0.3,0.09,0.279,0.134,0.049,0.075,-1.0
152,0.0,1.0,0.0,0.365,0.275,0.085,0.223,0.098,0.0375,0.075,-1.0
153,0.0,0.0,1.0,0.63,0.48,0.15,1.1785,0.5185,0.248,0.3235,-1.0
154,0.0,1.0,0.0,0.36,0.27,0.085,0.2185,0.1065,0.038,0.062,-1.0
155,0.0,1.0,0.0,0.43,0.325,0.1,0.3645,0.1575,0.0825,0.105,-1.0
156,0.0,1.0,0.0,0.185,0.135,0.045,0.032,0.011,0.0065,0.01,-1.0
157,0.0,1.0,0.0,0.325,0.24,0.075,0.1525,0.07200000000000001,0.0645,0.043,-1.0
158,0.0,1.0,0.0,0.36,0.265,0.075,0.1845,0.083,0.0365,0.055,-1.0
159,0.0,1.0,0.0,0.37,0.28,0.1,0.221,0.1165,0.0265,0.0635,-1.0
160,0.0,1.0,0.0,0.35,0.265,0.08,0.192,0.081,0.0465,0.053,-1.0
161,1.0,0.0,0.0,0.505,0.475,0.16,1.1155,0.509,0.239,0.3065,-1.0
162,0.0,0.0,1.0,0.35,0.265,0.09,0.2255,0.0995,0.0485,0.07,-1.0
163,0.0,0.0,1.0,0.52,0.4,0.125,0.5589999999999999,0.254,0.139,0.149,-1.0
164,1.0,0.0,0.0,0.57,0.42,0.16,0.8875,0.4315,0.1915,0.223,-1.0
165,0.0,0.0,1.0,0.625,0.48,0.185,1.2065,0.5870000000000001,0.29,0.28600000000000003,-1.0
166,1.0,0.0,0.0,0.47,0.375,0.12,0.6015,0.2765,0.1455,0.135,-1.0
167,0.0,1.0,0.0,0.185,0.135,0.04,0.027000000000000003,0.0105,0.0055,0.009000000000000001,-1.0
168,1.0,0.0,0.0,0.61,0.495,0.185,1.153,0.536,0.2905,0.245,-1.0
169,0.0,1.0,0.0,0.435,0.34,0.12,0.396,0.1775,0.081,0.125,-1.0
170,0.0,0.0,1.0,0.62,0.47,0.135,1.0195,0.5315,0.2005,0.2475,-1.0
171,0.0,1.0,0.0,0.41,0.3,0.1,0.282,0.1255,0.057,0.0875,-1.0
172,0.0,1.0,0.0,0.405,0.25,0.09,0.2875,0.128,0.063,0.0805,-1.0
173,0.0,1.0,0.0,0.485,0.38,0.12,0.4725,0.2075,0.1075,0.147,-1.0
174,0.0,1.0,0.0,0.32,0.24,0.085,0.131,0.0615,0.0265,0.038,-1.0
175,0.0,1.0,0.0,0.45,0.34,0.105,0.4385,0.21,0.0925,0.12,-1.0
176,0.0,1.0,0.0,0.475,0.365,0.14,0.4545,0.171,0.118,0.158,-1.0
177,0.0,0.0,1.0,0.265,0.2,0.065,0.084,0.034,0.0105,0.03,-1.0
178,0.0,0.0,1.0,0.42,0.335,0.115,0.369,0.171,0.071,0.12,-1.0
179,0.0,1.0,0.0,0.275,0.2,0.075,0.086,0.0305,0.019,0.03,-1.0
180,0.0,0.0,1.0,0.505,0.44,0.14,0.8275,0.3415,0.1855,0.239,-1.0
181,0.0,1.0,0.0,0.36,0.265,0.075,0.1785,0.0785,0.035,0.054000000000000006,-1.0
182,0.0,0.0,1.0,0.525,0.385,0.1,0.5115,0.246,0.1005,0.1455,-1.0
183,0.0,0.0,1.0,0.47,0.375,0.12,0.5805,0.266,0.0935,0.16899999999999998,-1.0
184,0.0,1.0,0.0,0.265,0.21,0.06,0.0965,0.0425,0.022,0.03,-1.0
185,1.0,0.0,0.0,0.655,0.455,0.17,1.275,0.583,0.303,0.333,-1.0
186,0.0,1.0,0.0,0.345,0.255,0.085,0.2005,0.105,0.037000000000000005,0.05,-1.0
187,0.0,1.0,0.0,0.37,0.285,0.095,0.226,0.1135,0.0515,0.0675,-1.0
188,0.0,1.0,0.0,0.3,0.23,0.095,0.1385,0.056,0.0365,0.037000000000000005,-1.0
189,0.0,1.0,0.0,0.475,0.385,0.11,0.5735,0.311,0.1025,0.136,-1.0
190,0.0,1.0,0.0,0.395,0.3,0.09,0.2855,0.1385,0.0625,0.077,-1.0
191,0.0,1.0,0.0,0.47,0.355,0.115,0.4155,0.16699999999999998,0.084,0.139,-1.0
192,0.0,1.0,0.0,0.475,0.355,0.135,0.4775,0.2145,0.09,0.1435,-1.0
193,0.0,1.0,0.0,0.335,0.25,0.08,0.1695,0.0695,0.044,0.0495,-1.0
194,1.0,0.0,0.0,0.36,0.265,0.09,0.2065,0.078,0.057,0.06,-1.0
195,1.0,0.0,0.0,0.525,0.41,0.115,0.7745,0.416,0.163,0.18,-1.0
196,0.0,1.0,0.0,0.465,0.355,0.11,0.474,0.23,0.1005,0.12,-1.0
197,0.0,1.0,0.0,0.365,0.27,0.085,0.2225,0.0935,0.0525,0.066,-1.0
198,0.0,1.0,0.0,0.405,0.305,0.09,0.2825,0.114,0.0575,0.095,-1.0
199,0.0,1.0,0.0,0.39,0.3,0.1,0.2665,0.1105,0.059,0.084,-1.0
200,0.0,0.0,1.0,0.55,0.405,0.15,0.9235,0.412,0.2135,0.24,-1.0
201,0.0,1.0,0.0,0.27,0.2,0.07,0.1,0.034,0.0245,0.035,-1.0
202,1.0,0.0,0.0,0.58,0.46,0.135,0.926,0.4025,0.208,0.275,-1.0
203,0.0,1.0,0.0,0.46,0.34,0.1,0.386,0.1805,0.0875,0.0965,-1.0
204,1.0,0.0,0.0,0.45,0.355,0.105,0.5225,0.237,0.1165,0.145,-1.0
205,0.0,0.0,1.0,0.435,0.335,0.11,0.4385,0.2075,0.0715,0.1315,-1.0
206,0.0,1.0,0.0,0.51,0.375,0.1,0.5785,0.238,0.1225,0.175,-1.0
207,0.0,1.0,0.0,0.405,0.3,0.105,0.304,0.1455,0.061,0.0805,-1.0
208,0.0,1.0,0.0,0.44,0.33,0.11,0.3705,0.1545,0.084,0.12,-1.0
209,0.0,0.0,1.0,0.545,0.45,0.15,0.7805,0.3795,0.1625,0.21600000000000005,-1.0
210,0.0,1.0,0.0,0.425,0.31,0.09,0.301,0.1385,0.065,0.08,-1.0
211,0.0,1.0,0.0,0.275,0.2,0.065,0.1165,0.0565,0.013,0.035,-1.0
212,0.0,0.0,1.0,0.6,0.455,0.155,0.945,0.4365,0.2085,0.25,-1.0
213,0.0,0.0,1.0,0.63,0.47,0.155,1.1325,0.589,0.211,0.287,-1.0
214,0.0,1.0,0.0,0.315,0.235,0.055,0.151,0.065,0.027000000000000003,0.039,-1.0
215,0.0,0.0,1.0,0.49,0.465,0.125,0.5225,0.235,0.13,0.141,-1.0
216,0.0,1.0,0.0,0.355,0.27,0.1,0.2255,0.11,0.042,0.064,-1.0
217,0.0,1.0,0.0,0.375,0.275,0.095,0.2465,0.11,0.0415,0.0775,-1.0
218,1.0,0.0,0.0,0.55,0.43,0.15,0.84,0.395,0.195,0.223,-1.0
219,0.0,1.0,0.0,0.415,0.31,0.095,0.311,0.1125,0.0625,0.115,-1.0
220,0.0,1.0,0.0,0.455,0.325,0.135,0.82,0.4005,0.1715,0.211,-1.0
221,0.0,1.0,0.0,0.365,0.27,0.085,0.205,0.078,0.0485,0.07,-1.0
222,1.0,0.0,0.0,0.6,0.46,0.15,1.235,0.6025,0.274,0.29,-1.0
223,0.0,1.0,0.0,0.245,0.195,0.06,0.095,0.0445,0.0245,0.026,-1.0
224,0.0,1.0,0.0,0.315,0.23,0.07,0.16399999999999998,0.0625,0.04,0.045,-1.0
225,0.0,1.0,0.0,0.25,0.175,0.06,0.0635,0.0275,0.008,0.02,-1.0
226,0.0,0.0,1.0,0.155,0.115,0.025,0.024,0.009000000000000001,0.005,0.0075,-1.0
227,0.0,1.0,0.0,0.45,0.35,0.13,0.547,0.245,0.1405,0.1405,-1.0
228,0.0,1.0,0.0,0.44,0.335,0.115,0.4215,0.173,0.0765,0.113,-1.0
229,0.0,0.0,1.0,0.51,0.405,0.15,0.7035,0.34700000000000003,0.134,0.1885,-1.0
230,1.0,0.0,0.0,0.55,0.425,0.125,0.964,0.5475,0.159,0.215,-1.0
231,0.0,1.0,0.0,0.505,0.38,0.12,0.594,0.2595,0.1435,0.18,-1.0
232,0.0,1.0,0.0,0.39,0.315,0.09,0.3095,0.147,0.05,0.09,-1.0
233,0.0,1.0,0.0,0.35,0.27,0.09,0.2055,0.075,0.0575,0.062,-1.0
234,1.0,0.0,0.0,0.37,0.275,0.08,0.227,0.093,0.0625,0.07,-1.0
235,0.0,0.0,1.0,0.53,0.405,0.125,0.6515,0.2715,0.1605,0.18600000000000005,-1.0
236,0.0,1.0,0.0,0.425,0.315,0.095,0.3675,0.1865,0.0675,0.0985,-1.0
237,1.0,0.0,0.0,0.57,0.445,0.145,0.8775,0.412,0.217,0.22,-1.0
238,0.0,1.0,0.0,0.31,0.225,0.05,0.1445,0.0675,0.0385,0.045,-1.0
239,0.0,1.0,0.0,0.25,0.19,0.06,0.0765,0.036000000000000004,0.0115,0.0245,-1.0
240,1.0,0.0,0.0,0.62,0.465,0.14,1.011,0.479,0.2385,0.255,-1.0
241,0.0,1.0,0.0,0.17,0.125,0.055,0.0235,0.009000000000000001,0.0055,0.008,-1.0
242,0.0,0.0,1.0,0.62,0.45,0.2,0.858,0.4285,0.1525,0.2405,-1.0
243,0.0,0.0,1.0,0.555,0.44,0.15,0.838,0.4155,0.146,0.23,-1.0
244,0.0,1.0,0.0,0.37,0.28,0.085,0.217,0.1095,0.035,0.062,-1.0
245,0.0,0.0,1.0,0.39,0.285,0.095,0.271,0.11,0.06,0.08,-1.0
246,1.0,0.0,0.0,0.585,0.45,0.125,0.8740000000000001,0.3545,0.2075,0.225,-1.0
247,0.0,1.0,0.0,0.435,0.33,0.11,0.38,0.1515,0.0945,0.11,-1.0
248,0.0,0.0,1.0,0.515,0.41,0.14,0.7355,0.3065,0.13699999999999998,0.2,-1.0
249,0.0,1.0,0.0,0.54,0.39,0.125,0.6255,0.2525,0.158,0.19,-1.0
250,0.0,0.0,1.0,0.47,0.38,0.145,0.5865,0.2385,0.14400000000000002,0.185,-1.0
251,0.0,1.0,0.0,0.325,0.27,0.1,0.185,0.08,0.0435,0.065,-1.0
252,0.0,0.0,1.0,0.31,0.225,0.08,0.1345,0.054000000000000006,0.024,0.05,-1.0
253,0.0,1.0,0.0,0.365,0.27,0.09,0.2155,0.1005,0.049,0.0655,-1.0
254,0.0,1.0,0.0,0.41,0.315,0.095,0.2805,0.114,0.0345,0.11,-1.0
255,0.0,1.0,0.0,0.355,0.275,0.085,0.22,0.092,0.06,0.15,-1.0
256,0.0,1.0,0.0,0.225,0.17,0.05,0.0515,0.019,0.012,0.017,-1.0
257,0.0,1.0,0.0,0.46,0.35,0.11,0.4,0.17600000000000002,0.083,0.1205,-1.0
258,0.0,1.0,0.0,0.33,0.26,0.08,0.19,0.0765,0.0385,0.065,-1.0
259,0.0,1.0,0.0,0.36,0.3,0.085,0.27,0.1185,0.064,0.0745,-1.0
260,1.0,0.0,0.0,0.575,0.46,0.165,1.065,0.4985,0.2145,0.2815,-1.0
261,0.0,1.0,0.0,0.49,0.375,0.115,0.4615,0.204,0.0945,0.14300000000000002,-1.0
262,0.0,1.0,0.0,0.3,0.23,0.075,0.127,0.052000000000000005,0.03,0.0345,-1.0
263,0.0,1.0,0.0,0.255,0.195,0.07,0.0735,0.0255,0.02,0.025,-1.0
264,1.0,0.0,0.0,0.57,0.425,0.13,0.782,0.3695,0.1745,0.1965,-1.0
265,0.0,1.0,0.0,0.36,0.265,0.095,0.2315,0.105,0.046,0.075,-1.0
266,0.0,1.0,0.0,0.445,0.335,0.11,0.411,0.1985,0.0935,0.109,-1.0
267,1.0,0.0,0.0,0.475,0.38,0.135,0.486,0.1735,0.07,0.185,-1.0
268,0.0,1.0,0.0,0.505,0.385,0.12,0.6005,0.239,0.142,0.185,-1.0
269,0.0,0.0,1.0,0.59,0.465,0.135,0.9895,0.4235,0.199,0.28,-1.0
270,0.0,1.0,0.0,0.27,0.195,0.06,0.073,0.0285,0.0235,0.03,-1.0
271,0.0,1.0,0.0,0.315,0.235,0.075,0.1485,0.0585,0.0375,0.0425,-1.0
272,0.0,1.0,0.0,0.335,0.25,0.08,0.16699999999999998,0.0675,0.0325,0.0575,-1.0
273,0.0,1.0,0.0,0.325,0.25,0.08,0.1735,0.0765,0.0345,0.049,-1.0
274,0.0,0.0,1.0,0.485,0.39,0.12,0.599,0.251,0.1345,0.16899999999999998,-1.0
275,0.0,0.0,1.0,0.56,0.415,0.145,0.852,0.43,0.1885,0.205,-1.0
276,1.0,0.0,0.0,0.47,0.355,0.18,0.441,0.1525,0.1165,0.135,-1.0
277,0.0,1.0,0.0,0.45,0.35,0.125,0.4775,0.2235,0.08900000000000001,0.118,-1.0
278,0.0,1.0,0.0,0.55,0.45,0.13,0.804,0.3375,0.1405,0.23,-1.0
279,0.0,1.0,0.0,0.475,0.35,0.1,0.4545,0.2165,0.111,0.115,-1.0
280,0.0,0.0,1.0,0.47,0.375,0.115,0.4265,0.1685,0.0755,0.15,-1.0
281,0.0,0.0,1.0,0.69,0.54,0.185,1.71,0.7725,0.3855,0.4325,-1.0
282,0.0,1.0,0.0,0.495,0.38,0.145,0.5,0.205,0.14800000000000002,0.1505,-1.0
283,0.0,1.0,0.0,0.275,0.195,0.065,0.106,0.054000000000000006,0.02,0.028,-1.0
284,0.0,1.0,0.0,0.415,0.325,0.1,0.313,0.139,0.0625,0.0965,-1.0
285,0.0,1.0,0.0,0.335,0.25,0.075,0.1825,0.0705,0.044,0.055,-1.0
286,0.0,1.0,0.0,0.38,0.275,0.095,0.2425,0.106,0.0485,0.21,-1.0
287,0.0,1.0,0.0,0.375,0.3,0.075,0.14400000000000002,0.059,0.03,0.044,-1.0
288,0.0,1.0,0.0,0.48,0.365,0.1,0.461,0.2205,0.0835,0.135,-1.0
289,0.0,1.0,0.0,0.375,0.285,0.09,0.237,0.106,0.0395,0.08,-1.0
290,0.0,0.0,1.0,0.56,0.445,0.16,0.8965,0.42,0.2175,0.2215,-1.0
291,0.0,1.0,0.0,0.425,0.34,0.1,0.3515,0.1625,0.08199999999999999,0.094,-1.0
292,1.0,0.0,0.0,0.61,0.43,0.14,0.909,0.438,0.2,0.22,-1.0
293,0.0,1.0,0.0,0.32,0.24,0.09,0.1575,0.07,0.0265,0.0425,-1.0
294,0.0,0.0,1.0,0.505,0.4,0.135,0.723,0.377,0.149,0.17800000000000002,-1.0
295,1.0,0.0,0.0,0.485,0.37,0.115,0.4785,0.1995,0.0955,0.129,-1.0
296,0.0,1.0,0.0,0.19,0.13,0.045,0.0265,0.009000000000000001,0.005,0.009000000000000001,-1.0
297,0.0,0.0,1.0,0.625,0.505,0.175,1.131,0.5425,0.2265,0.32299999999999995,-1.0
298,0.0,1.0,0.0,0.37,0.275,0.085,0.2045,0.096,0.056,0.08,-1.0
299,0.0,1.0,0.0,0.51,0.385,0.145,0.7665,0.3985,0.14,0.1805,-1.0
300,0.0,0.0,1.0,0.475,0.36,0.12,0.578,0.2825,0.12,0.17,-1.0
301,0.0,0.0,1.0,0.575,0.45,0.155,0.948,0.429,0.206,0.259,-1.0
302,0.0,1.0,0.0,0.28,0.12,0.075,0.117,0.0455,0.029,0.0345,-1.0
303,0.0,1.0,0.0,0.45,0.33,0.105,0.3715,0.1865,0.0785,0.0975,-1.0
304,0.0,1.0,0.0,0.495,0.38,0.13,0.5125,0.2185,0.116,0.16,-1.0
305,0.0,1.0,0.0,0.325,0.225,0.075,0.139,0.0565,0.032,0.09,-1.0
306,0.0,0.0,1.0,0.335,0.26,0.075,0.22,0.0855,0.04,0.085,-1.0
307,0.0,0.0,1.0,0.57,0.445,0.15,0.9875,0.504,0.207,0.249,-1.0
308,0.0,1.0,0.0,0.415,0.31,0.09,0.2815,0.1245,0.0615,0.085,-1.0
309,1.0,0.0,0.0,0.635,0.5,0.19,1.29,0.593,0.3045,0.35200000000000004,-1.0
310,0.0,0.0,1.0,0.51,0.405,0.125,0.6925,0.327,0.155,0.1805,-1.0
311,0.0,1.0,0.0,0.48,0.35,0.135,0.5465,0.2735,0.0995,0.158,-1.0
312,0.0,1.0,0.0,0.44,0.33,0.11,0.38,0.197,0.079,0.09,-1.0
313,0.0,1.0,0.0,0.46,0.345,0.105,0.449,0.196,0.0945,0.1265,-1.0
314,0.0,0.0,1.0,0.175,0.135,0.04,0.0305,0.011,0.0075,0.01,-1.0
315,0.0,1.0,0.0,0.395,0.31,0.085,0.317,0.153,0.0505,0.0935,-1.0
316,1.0,0.0,0.0,0.555,0.42,0.11,0.931,0.4445,0.171,0.225,-1.0
317,0.0,1.0,0.0,0.195,0.15,0.045,0.0375,0.018000000000000002,0.006,0.011,-1.0
318,0.0,0.0,1.0,0.575,0.45,0.165,0.9655,0.498,0.19,0.23,-1.0
319,0.0,1.0,0.0,0.3,0.215,0.05,0.1185,0.048,0.0225,0.042,-1.0
320,0.0,1.0,0.0,0.48,0.35,0.1,0.519,0.2365,0.1275,0.126,-1.0
321,1.0,0.0,0.0,0.55,0.415,0.135,0.8145,0.4270000000000001,0.1855,0.175,-1.0
322,0.0,1.0,0.0,0.395,0.3,0.12,0.2995,0.1265,0.068,0.0895,-1.0
323,0.0,1.0,0.0,0.555,0.425,0.13,0.648,0.2835,0.133,0.2105,-1.0
324,1.0,0.0,0.0,0.455,0.355,1.13,0.594,0.332,0.116,0.1335,-1.0
325,0.0,0.0,1.0,0.44,0.325,0.115,0.39,0.163,0.087,0.113,-1.0
326,0.0,1.0,0.0,0.47,0.355,0.18,0.48,0.2055,0.105,0.1505,-1.0
327,0.0,1.0,0.0,0.415,0.315,0.1,0.3645,0.1765,0.0795,0.095,-1.0
328,1.0,0.0,0.0,0.305,0.23,0.08,0.156,0.0675,0.0345,0.048,-1.0
329,0.0,1.0,0.0,0.275,0.205,0.07,0.1055,0.495,0.019,0.0315,-1.0
330,0.0,1.0,0.0,0.295,0.22,0.07,0.1365,0.0575,0.0295,0.035,-1.0
331,0.0,0.0,1.0,0.49,0.38,0.11,0.5539999999999999,0.2935,0.1005,0.15,-1.0
332,0.0,1.0,0.0,0.275,0.22,0.08,0.1365,0.0565,0.0285,0.042,-1.0
333,0.0,1.0,0.0,0.39,0.285,0.1,0.281,0.1275,0.062,0.077,-1.0
334,0.0,1.0,0.0,0.28,0.21,0.055,0.106,0.0415,0.0265,0.031,-1.0
335,0.0,1.0,0.0,0.525,0.395,0.12,0.608,0.297,0.1395,0.1405,-1.0
336,0.0,1.0,0.0,0.53,0.43,0.14,0.677,0.298,0.0965,0.23,-1.0
337,0.0,1.0,0.0,0.38,0.29,0.085,0.2285,0.08800000000000001,0.0465,0.075,-1.0
338,0.0,1.0,0.0,0.34,0.26,0.085,0.1885,0.0815,0.0335,0.06,-1.0
339,0.0,1.0,0.0,0.27,0.19,0.06,0.099,0.0445,0.017,0.03,-1.0
340,0.0,0.0,1.0,0.27,0.2,0.08,0.1205,0.0465,0.028,0.04,-1.0
341,0.0,1.0,0.0,0.405,0.305,0.1,0.268,0.1145,0.053,0.085,-1.0
342,0.0,1.0,0.0,0.38,0.3,0.09,0.277,0.1655,0.0625,0.08199999999999999,-1.0
343,0.0,1.0,0.0,0.34,0.25,0.075,0.1765,0.0785,0.0405,0.05,-1.0
344,0.0,0.0,1.0,0.52,0.39,0.12,0.6435,0.2885,0.157,0.161,-1.0
345,0.0,0.0,1.0,0.49,0.385,0.125,0.649,0.32,0.124,0.1695,-1.0
346,1.0,0.0,0.0,0.63,0.475,0.15,1.072,0.433,0.2975,0.315,-1.0
347,0.0,1.0,0.0,0.5,0.395,0.145,0.7865,0.332,0.1815,0.2455,-1.0
348,0.0,1.0,0.0,0.455,0.37,0.11,0.514,0.2385,0.1235,0.126,-1.0
349,0.0,1.0,0.0,0.37,0.275,0.14,0.2215,0.097,0.0455,0.0615,-1.0
350,0.0,0.0,1.0,0.52,0.425,0.125,0.79,0.3720000000000001,0.205,0.19,-1.0
351,0.0,1.0,0.0,0.55,0.42,0.13,0.636,0.294,0.14400000000000002,0.1755,-1.0
352,0.0,1.0,0.0,0.36,0.265,0.09,0.2055,0.096,0.037000000000000005,0.0585,-1.0
353,0.0,1.0,0.0,0.52,0.4,0.14,0.622,0.278,0.1455,0.16899999999999998,-1.0
354,0.0,1.0,0.0,0.39,0.31,0.085,0.344,0.181,0.0695,0.079,-1.0
355,0.0,0.0,1.0,0.52,0.38,0.135,0.5825,0.2505,0.1565,0.175,-1.0
356,0.0,1.0,0.0,0.365,0.255,0.08,0.1985,0.0785,0.0345,0.053,-1.0
357,0.0,1.0,0.0,0.405,0.29,0.09,0.2825,0.112,0.075,0.0815,-1.0
358,0.0,1.0,0.0,0.295,0.225,0.09,0.1105,0.0405,0.0245,0.032,-1.0
359,0.0,1.0,0.0,0.415,0.315,0.09,0.3625,0.175,0.0835,0.093,-1.0
360,0.0,1.0,0.0,0.54,0.41,0.135,0.7025,0.31,0.177,0.2,-1.0
361,0.0,0.0,1.0,0.625,0.5,0.13,1.082,0.5785,0.2045,0.25,-1.0
362,0.0,1.0,0.0,0.36,0.27,0.09,0.232,0.12,0.0435,0.056,-1.0
363,0.0,1.0,0.0,0.35,0.25,0.075,0.1695,0.0835,0.0355,0.041,-1.0
364,0.0,0.0,1.0,0.535,0.42,0.125,0.738,0.355,0.1895,0.1795,-1.0
365,0.0,0.0,1.0,0.385,0.3,0.115,0.3435,0.1645,0.085,0.1025,-1.0
366,0.0,1.0,0.0,0.36,0.265,0.085,0.1865,0.0675,0.037000000000000005,0.0615,-1.0
367,0.0,0.0,1.0,0.365,0.295,0.08,0.2555,0.097,0.043,0.1,-1.0
368,0.0,1.0,0.0,0.295,0.22,0.07,0.126,0.0515,0.0275,0.035,-1.0
369,0.0,1.0,0.0,0.435,0.325,0.12,0.3995,0.1815,0.061,0.1125,-1.0
370,0.0,1.0,0.0,0.515,0.385,0.125,0.6115,0.3175,0.1265,0.15,-1.0
371,0.0,1.0,0.0,0.335,0.25,0.08,0.183,0.0735,0.04,0.0575,-1.0
372,0.0,1.0,0.0,0.37,0.275,0.095,0.257,0.1015,0.055,0.0825,-1.0
373,0.0,1.0,0.0,0.275,0.195,0.07,0.0875,0.0345,0.022,0.0255,-1.0
374,0.0,1.0,0.0,0.305,0.215,0.065,0.1075,0.044,0.0205,0.038,-1.0
375,0.0,1.0,0.0,0.44,0.355,0.12,0.495,0.231,0.11,0.125,-1.0
376,0.0,0.0,1.0,0.59,0.47,0.16,1.206,0.479,0.2425,0.309,-1.0
377,0.0,1.0,0.0,0.375,0.275,0.085,0.22,0.109,0.05,0.0605,-1.0
378,0.0,1.0,0.0,0.36,0.27,0.09,0.219,0.097,0.0405,0.065,-1.0
379,0.0,0.0,1.0,0.48,0.36,0.1,0.439,0.194,0.099,0.115,-1.0
380,0.0,0.0,1.0,0.515,0.395,0.135,1.007,0.472,0.2495,0.252,-1.0
381,0.0,1.0,0.0,0.45,0.35,0.135,0.494,0.2205,0.0945,0.1405,-1.0
382,0.0,1.0,0.0,0.34,0.255,0.075,0.18,0.0745,0.04,0.0525,-1.0
383,0.0,1.0,0.0,0.405,0.31,0.065,0.3205,0.1575,0.066,0.08800000000000001,-1.0
384,1.0,0.0,0.0,0.57,0.435,0.14,0.8585,0.3905,0.196,0.2295,-1.0
385,0.0,0.0,1.0,0.59,0.47,0.15,0.9955,0.481,0.232,0.24,-1.0
386,0.0,1.0,0.0,0.435,0.335,0.11,0.334,0.1355,0.0775,0.0965,-1.0
387,0.0,1.0,0.0,0.22,0.165,0.055,0.0545,0.0215,0.012,0.02,-1.0
388,1.0,0.0,0.0,0.53,0.425,0.15,0.8495,0.328,0.232,0.202,-1.0
389,0.0,1.0,0.0,0.44,0.34,0.105,0.369,0.16399999999999998,0.08,0.1015,-1.0
390,0.0,1.0,0.0,0.545,0.42,0.165,0.8935,0.4235,0.2195,0.228,-1.0
391,1.0,0.0,0.0,0.575,0.465,0.195,0.9965,0.417,0.247,0.47,-1.0
392,1.0,0.0,0.0,0.55,0.43,0.125,0.923,0.4035,0.175,0.28300000000000003,-1.0
393,0.0,1.0,0.0,0.475,0.355,0.105,0.468,0.201,0.1115,0.12,-1.0
394,0.0,1.0,0.0,0.385,0.3,0.09,0.308,0.1525,0.056,0.0835,-1.0
395,0.0,1.0,0.0,0.345,0.27,0.11,0.2135,0.08199999999999999,0.0545,0.07,-1.0
396,0.0,1.0,0.0,0.475,0.375,0.11,0.494,0.211,0.109,0.1545,-1.0
397,0.0,0.0,1.0,0.63,0.485,0.155,1.278,0.637,0.275,0.31,-1.0
398,0.0,1.0,0.0,0.26,0.205,0.07,0.097,0.0415,0.019,0.0305,-1.0
399,0.0,1.0,0.0,0.545,0.42,0.125,0.7170000000000001,0.358,0.112,0.22,-1.0
400,0.0,1.0,0.0,0.615,0.475,0.13,0.8425,0.353,0.1915,0.251,-1.0
401,0.0,0.0,1.0,0.28,0.21,0.065,0.0905,0.035,0.02,0.03,-1.0
402,0.0,1.0,0.0,0.455,0.435,0.11,0.4265,0.195,0.09,0.1205,-1.0
403,1.0,0.0,0.0,0.565,0.4,0.13,0.6975,0.3075,0.1665,0.18,-1.0
404,0.0,0.0,1.0,0.26,0.19,0.075,0.0945,0.0445,0.02,0.03,-1.0
405,0.0,1.0,0.0,0.455,0.375,0.12,0.4970000000000001,0.2355,0.1055,0.1295,-1.0
406,0.0,0.0,1.0,0.535,0.435,0.14,0.8740000000000001,0.3735,0.229,0.2195,-1.0
407,0.0,1.0,0.0,0.525,0.38,0.135,0.615,0.261,0.159,0.175,-1.0
408,0.0,1.0,0.0,0.32,0.255,0.085,0.1745,0.07200000000000001,0.033,0.057,-1.0
409,0.0,1.0,0.0,0.46,0.36,0.1,0.4635,0.2325,0.093,0.115,-1.0
410,0.0,1.0,0.0,0.36,0.285,0.105,0.2415,0.0915,0.057,0.075,-1.0
411,0.0,0.0,1.0,0.525,0.435,0.155,1.065,0.486,0.233,0.285,-1.0
412,0.0,0.0,1.0,0.525,0.4,0.14,0.7205,0.3685,0.145,0.1735,-1.0
413,0.0,1.0,0.0,0.475,0.35,0.12,0.4905,0.2035,0.13,0.135,-1.0
414,0.0,1.0,0.0,0.365,0.275,0.135,0.24,0.108,0.0445,0.0735,-1.0
415,0.0,1.0,0.0,0.525,0.4,0.125,0.5655,0.2435,0.119,0.175,-1.0
416,0.0,1.0,0.0,0.47,0.345,0.12,0.3685,0.1525,0.0615,0.125,-1.0
417,0.0,0.0,1.0,0.385,0.275,0.115,0.2685,0.0975,0.0825,0.085,-1.0
418,0.0,1.0,0.0,0.24,0.17,0.05,0.0545,0.0205,0.016,0.0155,-1.0
419,0.0,0.0,1.0,0.615,0.47,0.155,1.2,0.5085,0.32,0.292,-1.0
420,0.0,1.0,0.0,0.3,0.235,0.08,0.131,0.05,0.0265,0.043,-1.0
421,0.0,0.0,1.0,0.35,0.265,0.09,0.2265,0.0995,0.0575,0.065,-1.0
422,0.0,1.0,0.0,0.435,0.325,0.12,0.34600000000000003,0.159,0.084,0.095,-1.0
423,0.0,1.0,0.0,0.525,0.4,0.11,0.6275,0.3015,0.126,0.18,-1.0
424,0.0,0.0,1.0,0.45,0.325,0.115,0.4305,0.2235,0.0785,0.1155,-1.0
425,0.0,0.0,1.0,0.615,0.505,0.19,1.403,0.6715,0.2925,0.365,-1.0
426,0.0,0.0,1.0,0.54,0.41,0.13,0.56,0.2375,0.1065,0.175,-1.0
427,0.0,1.0,0.0,0.465,0.37,0.1,0.5055,0.234,0.11,0.14,-1.0
428,0.0,0.0,1.0,0.52,0.465,0.15,0.9505,0.456,0.199,0.255,-1.0
429,1.0,0.0,0.0,0.535,0.445,0.125,0.8725,0.417,0.199,0.24,-1.0
430,0.0,0.0,1.0,0.27,0.195,0.07,0.106,0.0465,0.018000000000000002,0.036000000000000004,-1.0
431,0.0,0.0,1.0,0.52,0.395,0.125,0.8115,0.4035,0.166,0.2,-1.0
432,0.0,1.0,0.0,0.435,0.325,0.1,0.342,0.1335,0.0835,0.105,-1.0
433,0.0,0.0,1.0,0.57,0.45,0.14,0.9275,0.477,0.1605,0.2515,-1.0
434,0.0,1.0,0.0,0.5,0.385,0.12,0.56,0.2835,0.103,0.135,-1.0
435,0.0,1.0,0.0,0.39,0.295,0.1,0.279,0.1155,0.059,0.08,-1.0
436,0.0,1.0,0.0,0.24,0.175,0.065,0.0665,0.031,0.0135,0.017,-1.0
437,0.0,1.0,0.0,0.48,0.35,0.105,0.635,0.35200000000000004,0.127,0.135,-1.0
438,0.0,1.0,0.0,0.4,0.29,0.11,0.329,0.188,0.0455,0.0825,-1.0
439,0.0,1.0,0.0,0.41,0.325,0.105,0.361,0.1605,0.0665,0.103,-1.0
440,0.0,0.0,1.0,0.56,0.42,0.15,0.8755,0.44,0.1965,0.2315,-1.0
441,0.0,1.0,0.0,0.185,0.375,0.12,0.4645,0.196,0.1045,0.15,-1.0
442,0.0,1.0,0.0,0.235,0.175,0.065,0.0615,0.0205,0.02,0.019,-1.0
443,0.0,0.0,1.0,0.165,0.125,0.04,0.0245,0.0095,0.0045,0.008,-1.0
444,0.0,0.0,1.0,0.57,0.44,0.095,0.8270000000000001,0.3395,0.2215,0.235,-1.0
445,0.0,1.0,0.0,0.425,0.31,0.095,0.3075,0.139,0.0745,0.093,-1.0
446,0.0,1.0,0.0,0.25,0.18,0.065,0.0685,0.0245,0.0155,0.0225,-1.0
447,0.0,1.0,0.0,0.36,0.26,0.09,0.1785,0.0645,0.037000000000000005,0.075,-1.0
448,0.0,1.0,0.0,0.395,0.295,0.095,0.2725,0.115,0.0625,0.085,-1.0
449,0.0,1.0,0.0,0.315,0.23,0.0,0.134,0.0575,0.0285,0.3505,-1.0
450,0.0,1.0,0.0,0.495,0.355,0.12,0.4965,0.214,0.1045,0.1495,-1.0
451,0.0,1.0,0.0,0.445,0.33,0.11,0.358,0.1525,0.067,0.1185,-1.0
452,0.0,1.0,0.0,0.245,0.18,0.065,0.071,0.03,0.013,0.0215,-1.0
453,0.0,1.0,0.0,0.46,0.345,0.105,0.415,0.187,0.087,0.11,-1.0
454,1.0,0.0,0.0,0.63,0.5,0.18,1.1965,0.514,0.2325,0.3995,-1.0
455,0.0,1.0,0.0,0.42,0.32,0.11,0.309,0.115,0.0645,0.0945,-1.0
456,0.0,1.0,0.0,0.33,0.24,0.075,0.163,0.0745,0.033,0.048,-1.0
457,1.0,0.0,0.0,0.585,0.435,0.14,0.6955,0.3085,0.129,0.2245,-1.0
458,0.0,1.0,0.0,0.33,0.245,0.065,0.1445,0.058,0.032,0.0505,-1.0
459,0.0,1.0,0.0,0.235,0.175,0.055,0.067,0.027000000000000003,0.0125,0.018000000000000002,-1.0
460,0.0,1.0,0.0,0.37,0.275,0.1,0.2815,0.1505,0.0505,0.068,-1.0
461,0.0,1.0,0.0,0.4,0.32,0.095,0.348,0.194,0.053,0.087,-1.0
462,0.0,0.0,1.0,0.65,0.485,0.14,1.175,0.475,0.2435,0.215,-1.0
463,0.0,1.0,0.0,0.38,0.27,0.08,0.2105,0.0865,0.042,0.07,-1.0
464,0.0,1.0,0.0,0.425,0.34,0.1,0.371,0.15,0.0865,0.115,-1.0
465,1.0,0.0,0.0,0.5,0.4,0.14,0.6615,0.2565,0.1755,0.22,-1.0
466,0.0,1.0,0.0,0.415,0.32,0.115,0.3045,0.1215,0.0735,0.094,-1.0
467,0.0,1.0,0.0,0.515,0.39,0.125,0.5705,0.238,0.1265,0.185,-1.0
468,0.0,1.0,0.0,0.485,0.375,0.125,0.562,0.2505,0.1345,0.1525,-1.0
469,0.0,1.0,0.0,0.24,0.185,0.06,0.0655,0.0295,0.0005,0.02,-1.0
470,0.0,1.0,0.0,0.35,0.28,0.075,0.196,0.08199999999999999,0.04,0.064,-1.0
471,0.0,1.0,0.0,0.55,0.425,0.13,0.664,0.2695,0.163,0.21,-1.0
472,0.0,0.0,1.0,0.47,0.365,0.12,0.612,0.327,0.15,0.14,-1.0
473,0.0,0.0,1.0,0.295,0.215,0.075,0.129,0.05,0.0295,0.04,-1.0
474,0.0,0.0,1.0,0.545,0.42,0.145,0.778,0.3745,0.1545,0.205,-1.0
475,0.0,1.0,0.0,0.325,0.24,0.075,0.187,0.0825,0.0445,0.05,-1.0
476,0.0,1.0,0.0,0.475,0.36,0.125,0.4905,0.205,0.1305,0.125,-1.0
477,1.0,0.0,0.0,0.435,0.325,0.11,0.4335,0.17800000000000002,0.0985,0.155,-1.0
478,0.0,0.0,1.0,0.56,0.45,0.14,0.9,0.472,0.182,0.218,-1.0
479,0.0,1.0,0.0,0.495,0.375,0.115,0.507,0.241,0.103,0.15,-1.0
480,0.0,1.0,0.0,0.44,0.34,0.1,0.407,0.209,0.0735,0.103,-1.0
481,0.0,1.0,0.0,0.415,0.32,0.11,0.3735,0.175,0.0755,0.109,-1.0
482,0.0,0.0,1.0,0.5,0.385,0.135,0.6425,0.3195,0.129,0.1535,-1.0
483,0.0,1.0,0.0,0.255,0.19,0.075,0.0865,0.0345,0.0205,0.025,-1.0
484,0.0,1.0,0.0,0.28,0.21,0.085,0.1065,0.039,0.0295,0.03,-1.0
485,0.0,0.0,1.0,0.355,0.26,0.085,0.1905,0.081,0.0485,0.055,-1.0
486,1.0,0.0,0.0,0.555,0.425,0.14,0.963,0.44,0.224,0.24,-1.0
487,1.0,0.0,0.0,0.575,0.48,0.15,0.897,0.4235,0.1905,0.248,-1.0
488,1.0,0.0,0.0,0.615,0.48,0.16,1.2525,0.585,0.2595,0.33,-1.0
489,0.0,1.0,0.0,0.33,0.265,0.085,0.196,0.0775,0.0305,0.0445,-1.0
490,0.0,1.0,0.0,0.21,0.15,0.055,0.0465,0.017,0.012,0.015,-1.0
491,0.0,0.0,1.0,0.42,0.345,0.105,0.43,0.175,0.096,0.13,-1.0
492,1.0,0.0,0.0,0.6,0.46,0.145,0.9325,0.3985,0.2245,0.248,-1.0
493,0.0,0.0,1.0,0.5,0.4,0.13,0.7715,0.37,0.16,0.211,-1.0
494,1.0,0.0,0.0,0.53,0.425,0.13,0.7585,0.325,0.197,0.205,-1.0
495,0.0,1.0,0.0,0.38,0.28,0.085,0.2735,0.115,0.061,0.085,-1.0
496,0.0,1.0,0.0,0.23,0.165,0.06,0.0515,0.019,0.0145,0.036000000000000004,-1.0
497,0.0,1.0,0.0,0.205,0.15,0.055,0.042,0.0255,0.015,0.012,-1.0
498,0.0,1.0,0.0,0.48,0.335,0.125,0.524,0.246,0.1095,0.145,-1.0
499,0.0,1.0,0.0,0.465,0.355,0.12,0.4975,0.2375,0.099,0.14,-1.0
500,1.0,0.0,0.0,0.635,0.495,0.015,1.1565,0.5115,0.308,0.2885,1.0
501,0.0,0.0,1.0,0.605,0.475,0.175,1.2525,0.5575,0.3055,0.343,1.0
502,0.0,0.0,1.0,0.425,0.305,0.11,0.359,0.173,0.0875,0.0975,1.0
503,1.0,0.0,0.0,0.525,0.43,0.135,0.8435,0.4325,0.18,0.1815,1.0
504,0.0,1.0,0.0,0.53,0.405,0.13,0.6615,0.2945,0.1395,0.19,1.0
505,1.0,0.0,0.0,0.635,0.49,0.155,1.145,0.4775,0.3035,0.3155,1.0
506,0.0,0.0,1.0,0.6,0.475,0.17,1.1315,0.508,0.272,0.309,1.0
507,1.0,0.0,0.0,0.55,0.44,0.125,0.765,0.33,0.2125,0.245,1.0
508,0.0,1.0,0.0,0.42,0.345,0.115,0.3435,0.1515,0.0795,0.115,1.0
509,0.0,0.0,1.0,0.575,0.46,0.155,0.892,0.4415,0.17600000000000002,0.22,1.0
510,0.0,0.0,1.0,0.585,0.465,0.155,0.9145,0.4555,0.1965,0.235,1.0
511,0.0,0.0,1.0,0.44,0.35,0.11,0.4585,0.2,0.0885,0.13,1.0
512,1.0,0.0,0.0,0.41,0.325,0.105,0.3635,0.159,0.077,0.12,1.0
513,1.0,0.0,0.0,0.54,0.42,0.13,0.7505,0.368,0.1675,0.1845,1.0
514,0.0,1.0,0.0,0.52,0.395,0.125,0.6629999999999999,0.3005,0.131,0.1905,1.0
515,0.0,0.0,1.0,0.625,0.5,0.175,1.0565,0.4615,0.258,0.305,1.0
516,0.0,1.0,0.0,0.455,0.36,0.115,0.457,0.2085,0.0855,0.147,1.0
517,0.0,0.0,1.0,0.31,0.225,0.075,0.1295,0.0455,0.0335,0.044,1.0
518,0.0,0.0,1.0,0.62,0.48,0.165,1.0725,0.4815,0.235,0.312,1.0
519,0.0,1.0,0.0,0.48,0.37,0.125,0.474,0.179,0.1035,0.175,1.0
520,0.0,0.0,1.0,0.58,0.49,0.13,1.1335,0.586,0.2565,0.237,1.0
521,1.0,0.0,0.0,0.5,0.395,0.15,0.7145,0.3235,0.173,0.195,1.0
522,0.0,0.0,1.0,0.58,0.45,0.14,0.9615,0.486,0.1815,0.253,1.0
523,0.0,0.0,1.0,0.5,0.38,0.125,0.5770000000000001,0.269,0.1265,0.1535,1.0
524,1.0,0.0,0.0,0.4,0.31,0.115,0.3465,0.1475,0.0695,0.115,1.0
525,0.0,0.0,1.0,0.575,0.445,0.17,1.0225,0.5489999999999999,0.2175,0.228,1.0
526,0.0,0.0,1.0,0.41,0.3,0.1,0.301,0.124,0.069,0.09,1.0
527,0.0,1.0,0.0,0.295,0.225,0.08,0.124,0.0485,0.032,0.04,1.0
528,0.0,0.0,1.0,0.525,0.41,0.13,0.6875,0.3435,0.1495,0.1765,1.0
529,1.0,0.0,0.0,0.645,0.48,0.17,1.1345,0.528,0.254,0.305,1.0
530,0.0,0.0,1.0,0.59,0.455,0.155,0.8855,0.388,0.188,0.275,1.0
531,0.0,0.0,1.0,0.595,0.465,0.125,0.799,0.3245,0.2,0.23,1.0
532,1.0,0.0,0.0,0.49,0.38,0.125,0.5489999999999999,0.245,0.1075,0.174,1.0
533,0.0,1.0,0.0,0.365,0.26,0.115,0.218,0.0935,0.0445,0.07,1.0
534,0.0,0.0,1.0,0.495,0.38,0.12,0.474,0.197,0.1065,0.1545,1.0
535,0.0,0.0,1.0,0.545,0.41,0.12,0.7929999999999999,0.434,0.1405,0.19,1.0
536,0.0,0.0,1.0,0.55,0.425,0.15,0.8315,0.411,0.1765,0.2165,1.0
537,0.0,0.0,1.0,0.41,0.325,0.1,0.3555,0.146,0.07200000000000001,0.105,1.0
538,0.0,0.0,1.0,0.625,0.495,0.175,1.2935,0.5805,0.317,0.355,1.0
539,1.0,0.0,0.0,0.65,0.535,0.175,1.2895,0.6095,0.2765,0.344,1.0
540,1.0,0.0,0.0,0.43,0.35,0.09,0.397,0.1575,0.08900000000000001,0.12,1.0
541,1.0,0.0,0.0,0.645,0.51,0.16,1.2415,0.5815,0.276,0.315,1.0
542,1.0,0.0,0.0,0.62,0.51,0.18,1.233,0.5920000000000001,0.274,0.322,1.0
543,0.0,0.0,1.0,0.52,0.4,0.105,0.872,0.4515,0.1615,0.1985,1.0
544,0.0,0.0,1.0,0.61,0.46,0.16,1.0,0.494,0.197,0.275,1.0
545,0.0,1.0,0.0,0.52,0.41,0.145,0.6459999999999999,0.2965,0.1595,0.165,1.0
546,0.0,1.0,0.0,0.44,0.34,0.12,0.438,0.2115,0.083,0.12,1.0
547,0.0,1.0,0.0,0.525,0.405,0.125,0.657,0.2985,0.1505,0.168,1.0
548,0.0,0.0,1.0,0.515,0.405,0.13,0.722,0.32,0.131,0.21,1.0
549,0.0,0.0,1.0,0.62,0.48,0.165,1.0855,0.481,0.2575,0.305,1.0
